Invoice_ID,Branch,City,Customer_Type,Gender,Product_Line,Unit_Price,Quantity,Tax,Total,Date,Time,Payment,Rating
INV000001,C,Naypyitaw,Normal,Male,Food and beverages,63.12,10,31.56,662.76,01-01-2023,07:46,Ewallet,6.8
INV000002,A,Yangon,Member,Male,Fashion accessories,15.02,8,6.008,126.168,01-01-2023,23:57,Ewallet,5.1
INV000003,A,Yangon,Member,Female,Food and beverages,48.44,1,2.422,50.862,01-01-2023,07:54,Cash,4.8
INV000004,A,Yangon,Member,Female,Fashion accessories,79.88,3,11.982,251.622,01-01-2023,21:07,Cash,4.3
INV000005,C,Naypyitaw,Member,Male,Electronic accessories,94.45,2,9.445,198.345,01-01-2023,12:56,Ewallet,5.4
INV000006,A,Yangon,Normal,Female,Food and beverages,84.15,3,12.6225,265.0725,01-01-2023,03:25,Cash,5.1
INV000007,B,Mandalay,Member,Female,Electronic accessories,60.53,2,6.053,127.113,01-01-2023,12:09,Cash,6.4
INV000008,B,Mandalay,Normal,Male,Fashion accessories,27.44,9,12.348,259.308,01-01-2023,04:55,Credit card,8.5
INV000009,C,Naypyitaw,Normal,Male,Sports and travel,64.03,9,28.8135,605.0835,01-01-2023,19:40,Credit card,4.4
INV000010,B,Mandalay,Normal,Female,Home and lifestyle,27.7,8,11.08,232.68,01-01-2023,06:58,Credit card,4.4
INV000011,C,Naypyitaw,Member,Male,Health and beauty,65.47,2,6.547,137.487,01-01-2023,17:36,Ewallet,5.9
INV000012,A,Yangon,Normal,Female,Fashion accessories,88.96,1,4.448,93.408,01-01-2023,10:12,Credit card,9.1
INV000013,B,Mandalay,Member,Female,Home and lifestyle,56.52,10,28.26,593.46,01-01-2023,14:51,Ewallet,4.2
INV000014,C,Naypyitaw,Member,Female,Sports and travel,90.77,7,31.7695,667.1595,01-01-2023,03:50,Cash,8.5
INV000015,A,Yangon,Member,Male,Home and lifestyle,24.35,2,2.435,51.135,01-01-2023,11:21,Credit card,7.8
INV000016,B,Mandalay,Normal,Female,Sports and travel,89.44,10,44.72,939.12,01-01-2023,22:51,Ewallet,9.4
INV000017,A,Yangon,Normal,Male,Sports and travel,41.38,3,6.207,130.347,01-01-2023,23:02,Ewallet,7.2
INV000018,C,Naypyitaw,Normal,Female,Sports and travel,31.73,6,9.519,199.899,01-01-2023,20:56,Cash,4.4
INV000019,A,Yangon,Member,Male,Electronic accessories,73.39,5,18.3475,385.2975,01-01-2023,15:51,Ewallet,7.7
INV000020,C,Naypyitaw,Member,Male,Health and beauty,66.46,2,6.646,139.566,01-01-2023,17:56,Cash,9.9
INV000021,A,Yangon,Normal,Male,Home and lifestyle,31.55,6,9.465,198.765,01-01-2023,04:39,Cash,9.9
INV000022,C,Naypyitaw,Normal,Female,Health and beauty,23.41,6,7.023,147.483,01-01-2023,07:43,Ewallet,7.5
INV000023,B,Mandalay,Member,Male,Home and lifestyle,41.03,7,14.3605,301.5705,02-01-2023,08:08,Cash,6.3
INV000024,B,Mandalay,Member,Female,Health and beauty,20.1,7,7.035,147.735,02-01-2023,23:58,Credit card,5.5
INV000025,C,Naypyitaw,Normal,Male,Sports and travel,57.14,2,5.714,119.994,02-01-2023,14:56,Ewallet,9.4
INV000026,B,Mandalay,Normal,Male,Health and beauty,41.08,3,6.162,129.402,02-01-2023,06:43,Credit card,8.7
INV000027,C,Naypyitaw,Member,Female,Sports and travel,89.97,4,17.994,377.874,02-01-2023,04:13,Ewallet,4.6
INV000028,C,Naypyitaw,Member,Female,Fashion accessories,58.84,6,17.652,370.692,02-01-2023,19:46,Cash,5.3
INV000029,B,Mandalay,Member,Male,Sports and travel,42.62,8,17.048,358.008,02-01-2023,19:18,Credit card,5.8
INV000030,C,Naypyitaw,Normal,Female,Fashion accessories,31.72,6,9.516,199.836,02-01-2023,03:49,Cash,9.4
INV000031,C,Naypyitaw,Normal,Female,Health and beauty,61.34,1,3.067,64.407,02-01-2023,07:32,Ewallet,7.0
INV000032,C,Naypyitaw,Normal,Female,Health and beauty,98.51,5,24.6275,517.1775,02-01-2023,08:37,Cash,4.1
INV000033,B,Mandalay,Member,Male,Home and lifestyle,97.25,4,19.45,408.45,02-01-2023,03:10,Ewallet,5.1
INV000034,A,Yangon,Member,Female,Health and beauty,45.13,6,13.539,284.319,02-01-2023,09:29,Credit card,4.4
INV000035,A,Yangon,Normal,Male,Electronic accessories,32.62,10,16.31,342.51,02-01-2023,23:29,Ewallet,9.1
INV000036,A,Yangon,Normal,Male,Food and beverages,36.39,10,18.195,382.095,02-01-2023,15:20,Cash,4.5
INV000037,A,Yangon,Normal,Female,Health and beauty,16.31,3,2.4465,51.3765,02-01-2023,07:50,Ewallet,7.5
INV000038,C,Naypyitaw,Normal,Male,Health and beauty,23.8,6,7.14,149.94,02-01-2023,05:13,Credit card,5.5
INV000039,A,Yangon,Member,Male,Sports and travel,39.07,8,15.628,328.188,02-01-2023,17:56,Ewallet,9.8
INV000040,C,Naypyitaw,Normal,Female,Sports and travel,46.61,3,6.9915,146.8215,02-01-2023,13:42,Ewallet,4.8
INV000041,B,Mandalay,Normal,Male,Health and beauty,45.5,3,6.825,143.325,02-01-2023,18:01,Ewallet,4.2
INV000042,B,Mandalay,Normal,Male,Sports and travel,46.4,10,23.2,487.2,02-01-2023,10:33,Ewallet,5.5
INV000043,C,Naypyitaw,Normal,Female,Food and beverages,34.91,7,12.2185,256.5885,02-01-2023,11:43,Cash,7.7
INV000044,C,Naypyitaw,Member,Female,Home and lifestyle,77.45,9,34.8525,731.9025,02-01-2023,21:48,Ewallet,4.3
INV000045,A,Yangon,Normal,Female,Food and beverages,52.2,10,26.1,548.1,03-01-2023,07:53,Cash,6.8
INV000046,A,Yangon,Member,Male,Electronic accessories,64.81,5,16.2025,340.2525,03-01-2023,18:43,Ewallet,6.2
INV000047,C,Naypyitaw,Normal,Male,Food and beverages,70.87,8,28.348,595.308,03-01-2023,05:35,Cash,4.2
INV000048,C,Naypyitaw,Normal,Female,Sports and travel,44.55,1,2.2275,46.7775,03-01-2023,15:56,Cash,9.6
INV000049,C,Naypyitaw,Normal,Female,Home and lifestyle,27.43,2,2.743,57.603,03-01-2023,21:16,Ewallet,8.1
INV000050,A,Yangon,Member,Female,Electronic accessories,12.07,2,1.207,25.347,03-01-2023,01:54,Ewallet,4.7
INV000051,B,Mandalay,Normal,Male,Sports and travel,47.2,9,21.24,446.04,03-01-2023,11:15,Ewallet,8.5
INV000052,B,Mandalay,Normal,Female,Sports and travel,43.11,7,15.0885,316.8585,03-01-2023,01:35,Ewallet,9.6
INV000053,B,Mandalay,Member,Male,Health and beauty,31.2,1,1.56,32.76,03-01-2023,01:01,Cash,6.3
INV000054,A,Yangon,Member,Female,Sports and travel,95.31,3,14.2965,300.2265,03-01-2023,01:15,Ewallet,9.7
INV000055,B,Mandalay,Member,Female,Food and beverages,18.16,9,8.172,171.612,03-01-2023,15:47,Cash,8.5
INV000056,B,Mandalay,Normal,Male,Food and beverages,54.0,7,18.9,396.9,03-01-2023,06:37,Cash,6.6
INV000057,B,Mandalay,Member,Female,Sports and travel,71.23,10,35.615,747.915,03-01-2023,08:11,Credit card,9.0
INV000058,C,Naypyitaw,Member,Male,Electronic accessories,89.38,2,8.938,187.698,03-01-2023,00:28,Ewallet,9.9
INV000059,C,Naypyitaw,Member,Female,Health and beauty,94.31,9,42.4395,891.2295,03-01-2023,22:04,Credit card,6.3
INV000060,A,Yangon,Normal,Female,Home and lifestyle,32.14,3,4.821,101.241,03-01-2023,00:38,Cash,5.5
INV000061,C,Naypyitaw,Normal,Female,Sports and travel,78.28,9,35.226,739.746,03-01-2023,17:04,Cash,5.4
INV000062,C,Naypyitaw,Member,Male,Health and beauty,29.9,6,8.97,188.37,03-01-2023,00:57,Ewallet,9.8
INV000063,A,Yangon,Normal,Female,Food and beverages,98.37,5,24.5925,516.4425,03-01-2023,20:50,Cash,4.5
INV000064,A,Yangon,Member,Male,Health and beauty,65.85,6,19.755,414.855,03-01-2023,21:22,Credit card,4.3
INV000065,A,Yangon,Normal,Female,Fashion accessories,50.55,5,12.6375,265.3875,03-01-2023,17:11,Ewallet,7.9
INV000066,C,Naypyitaw,Member,Female,Sports and travel,42.07,4,8.414,176.694,03-01-2023,08:21,Ewallet,5.7
INV000067,C,Naypyitaw,Normal,Female,Food and beverages,21.85,3,3.2775,68.8275,04-01-2023,21:16,Credit card,6.5
INV000068,C,Naypyitaw,Normal,Female,Fashion accessories,87.08,5,21.77,457.17,04-01-2023,19:02,Cash,8.7
INV000069,C,Naypyitaw,Normal,Male,Food and beverages,76.71,9,34.5195,724.9095,04-01-2023,13:46,Credit card,9.0
INV000070,C,Naypyitaw,Member,Male,Food and beverages,15.02,6,4.506,94.626,04-01-2023,07:55,Credit card,10.0
INV000071,B,Mandalay,Normal,Male,Food and beverages,94.08,10,47.04,987.84,04-01-2023,01:22,Ewallet,6.7
INV000072,A,Yangon,Normal,Male,Sports and travel,30.35,1,1.5175,31.8675,04-01-2023,08:07,Cash,6.1
INV000073,A,Yangon,Normal,Female,Fashion accessories,78.74,2,7.874,165.354,04-01-2023,04:27,Credit card,9.8
INV000074,A,Yangon,Normal,Male,Food and beverages,65.21,2,6.521,136.941,04-01-2023,01:14,Ewallet,4.8
INV000075,A,Yangon,Member,Female,Electronic accessories,44.91,3,6.7365,141.4665,04-01-2023,07:26,Credit card,7.3
INV000076,C,Naypyitaw,Normal,Female,Electronic accessories,86.75,5,21.6875,455.4375,04-01-2023,13:16,Ewallet,9.6
INV000077,C,Naypyitaw,Member,Female,Food and beverages,97.22,5,24.305,510.405,04-01-2023,03:24,Ewallet,7.5
INV000078,C,Naypyitaw,Normal,Male,Home and lifestyle,22.36,8,8.944,187.824,04-01-2023,14:59,Ewallet,6.1
INV000079,B,Mandalay,Member,Male,Electronic accessories,63.57,3,9.5355,200.2455,04-01-2023,23:46,Credit card,6.1
INV000080,C,Naypyitaw,Member,Female,Health and beauty,57.56,10,28.78,604.38,04-01-2023,17:49,Cash,7.0
INV000081,B,Mandalay,Member,Male,Health and beauty,71.21,8,28.484,598.164,04-01-2023,05:49,Ewallet,6.3
INV000082,A,Yangon,Normal,Female,Health and beauty,63.16,4,12.632,265.272,04-01-2023,11:58,Cash,9.5
INV000083,A,Yangon,Normal,Female,Electronic accessories,76.52,8,30.608,642.768,04-01-2023,14:42,Credit card,9.4
INV000084,C,Naypyitaw,Normal,Male,Electronic accessories,49.82,3,7.473,156.933,04-01-2023,17:18,Ewallet,8.4
INV000085,A,Yangon,Normal,Male,Fashion accessories,39.15,9,17.6175,369.9675,04-01-2023,02:24,Ewallet,6.8
INV000086,C,Naypyitaw,Normal,Female,Sports and travel,57.8,2,5.78,121.38,04-01-2023,10:22,Credit card,6.6
INV000087,A,Yangon,Member,Female,Sports and travel,67.49,2,6.749,141.729,04-01-2023,05:14,Credit card,7.6
INV000088,A,Yangon,Member,Female,Fashion accessories,31.89,4,6.378,133.938,04-01-2023,22:53,Ewallet,5.7
INV000089,A,Yangon,Normal,Male,Home and lifestyle,56.68,8,22.672,476.112,05-01-2023,03:48,Credit card,4.7
INV000090,C,Naypyitaw,Normal,Female,Fashion accessories,96.78,8,38.712,812.952,05-01-2023,15:46,Credit card,8.3
INV000091,C,Naypyitaw,Member,Male,Sports and travel,28.25,10,14.125,296.625,05-01-2023,19:01,Credit card,5.2
INV000092,B,Mandalay,Normal,Male,Electronic accessories,78.33,6,23.499,493.479,05-01-2023,02:18,Credit card,5.9
INV000093,C,Naypyitaw,Member,Female,Electronic accessories,58.83,10,29.415,617.715,05-01-2023,02:51,Ewallet,8.1
INV000094,A,Yangon,Member,Male,Health and beauty,20.39,8,8.156,171.276,05-01-2023,18:38,Credit card,9.0
INV000095,B,Mandalay,Member,Female,Home and lifestyle,93.51,3,14.0265,294.5565,05-01-2023,08:32,Credit card,7.4
INV000096,B,Mandalay,Member,Male,Food and beverages,27.94,3,4.191,88.011,05-01-2023,12:04,Ewallet,5.4
INV000097,C,Naypyitaw,Normal,Male,Food and beverages,62.36,2,6.236,130.956,05-01-2023,04:55,Cash,8.3
INV000098,B,Mandalay,Normal,Male,Health and beauty,30.67,1,1.5335,32.2035,05-01-2023,16:46,Cash,7.3
INV000099,B,Mandalay,Normal,Male,Fashion accessories,93.65,7,32.7775,688.3275,05-01-2023,20:02,Ewallet,4.8
INV000100,B,Mandalay,Normal,Female,Fashion accessories,89.56,4,17.912,376.152,05-01-2023,02:36,Ewallet,5.9
INV000101,A,Yangon,Normal,Female,Sports and travel,60.72,10,30.36,637.56,05-01-2023,08:36,Credit card,6.1
INV000102,B,Mandalay,Member,Female,Food and beverages,21.35,8,8.54,179.34,05-01-2023,00:14,Credit card,4.9
INV000103,A,Yangon,Normal,Female,Home and lifestyle,67.06,3,10.059,211.239,05-01-2023,21:55,Credit card,7.6
INV000104,B,Mandalay,Normal,Female,Fashion accessories,30.23,7,10.5805,222.1905,05-01-2023,13:34,Ewallet,7.7
INV000105,B,Mandalay,Member,Female,Health and beauty,32.79,8,13.116,275.436,05-01-2023,13:47,Cash,4.6
INV000106,B,Mandalay,Normal,Male,Electronic accessories,78.64,10,39.32,825.72,05-01-2023,16:53,Ewallet,4.6
INV000107,B,Mandalay,Normal,Male,Fashion accessories,31.0,10,15.5,325.5,05-01-2023,06:59,Ewallet,9.5
INV000108,B,Mandalay,Normal,Female,Food and beverages,43.76,5,10.94,229.74,05-01-2023,19:20,Ewallet,8.7
INV000109,C,Naypyitaw,Member,Female,Health and beauty,86.85,6,26.055,547.155,05-01-2023,06:25,Cash,6.9
INV000110,B,Mandalay,Normal,Male,Sports and travel,91.23,6,27.369,574.749,05-01-2023,11:03,Cash,5.0
INV000111,A,Yangon,Member,Male,Home and lifestyle,66.27,2,6.627,139.167,06-01-2023,17:52,Ewallet,9.8
INV000112,A,Yangon,Member,Female,Food and beverages,26.42,7,9.247,194.187,06-01-2023,19:24,Cash,6.6
INV000113,B,Mandalay,Member,Female,Food and beverages,65.62,8,26.248,551.208,06-01-2023,17:22,Ewallet,8.7
INV000114,C,Naypyitaw,Normal,Female,Health and beauty,45.67,6,13.701,287.721,06-01-2023,15:46,Ewallet,5.1
INV000115,B,Mandalay,Normal,Female,Electronic accessories,34.1,2,3.41,71.61,06-01-2023,23:23,Credit card,9.9
INV000116,B,Mandalay,Normal,Female,Health and beauty,59.1,3,8.865,186.165,06-01-2023,07:22,Cash,7.6
INV000117,A,Yangon,Normal,Male,Health and beauty,59.55,8,23.82,500.22,06-01-2023,01:35,Credit card,7.6
INV000118,B,Mandalay,Normal,Female,Food and beverages,22.56,7,7.896,165.816,06-01-2023,15:43,Ewallet,7.8
INV000119,B,Mandalay,Normal,Female,Food and beverages,88.0,2,8.8,184.8,06-01-2023,08:33,Credit card,7.7
INV000120,A,Yangon,Normal,Male,Sports and travel,83.93,5,20.9825,440.6325,06-01-2023,15:33,Credit card,6.2
INV000121,B,Mandalay,Member,Female,Fashion accessories,79.4,1,3.97,83.37,06-01-2023,11:53,Cash,9.9
INV000122,C,Naypyitaw,Member,Female,Home and lifestyle,55.61,9,25.0245,525.5145,06-01-2023,09:11,Cash,6.4
INV000123,A,Yangon,Normal,Female,Sports and travel,21.77,2,2.177,45.717,06-01-2023,13:24,Ewallet,9.5
INV000124,A,Yangon,Normal,Female,Electronic accessories,59.32,9,26.694,560.574,06-01-2023,16:37,Credit card,5.2
INV000125,A,Yangon,Member,Male,Fashion accessories,75.16,2,7.516,157.836,06-01-2023,04:27,Cash,7.0
INV000126,C,Naypyitaw,Normal,Male,Sports and travel,78.61,2,7.861,165.081,06-01-2023,16:59,Credit card,5.1
INV000127,A,Yangon,Normal,Male,Food and beverages,84.5,4,16.9,354.9,06-01-2023,18:56,Credit card,7.7
INV000128,B,Mandalay,Member,Female,Fashion accessories,22.02,8,8.808,184.968,06-01-2023,21:52,Ewallet,7.2
INV000129,A,Yangon,Normal,Male,Fashion accessories,95.02,2,9.502,199.542,06-01-2023,03:20,Credit card,4.6
INV000130,A,Yangon,Normal,Male,Food and beverages,71.27,10,35.635,748.335,06-01-2023,00:24,Ewallet,8.9
INV000131,B,Mandalay,Normal,Female,Fashion accessories,62.53,3,9.3795,196.9695,06-01-2023,17:47,Credit card,9.8
INV000132,B,Mandalay,Normal,Male,Sports and travel,58.23,8,23.292,489.132,06-01-2023,05:38,Credit card,8.8
INV000133,C,Naypyitaw,Normal,Female,Health and beauty,90.4,10,45.2,949.2,07-01-2023,08:08,Credit card,4.2
INV000134,B,Mandalay,Normal,Male,Electronic accessories,60.55,10,30.275,635.775,07-01-2023,06:30,Ewallet,8.2
INV000135,A,Yangon,Normal,Female,Home and lifestyle,94.04,2,9.404,197.484,07-01-2023,20:46,Credit card,9.1
INV000136,A,Yangon,Normal,Male,Fashion accessories,63.07,3,9.4605,198.6705,07-01-2023,10:19,Ewallet,4.5
INV000137,B,Mandalay,Member,Male,Sports and travel,60.95,8,24.38,511.98,07-01-2023,08:16,Cash,8.0
INV000138,B,Mandalay,Normal,Male,Electronic accessories,88.02,2,8.802,184.842,07-01-2023,05:10,Cash,9.9
INV000139,A,Yangon,Member,Female,Home and lifestyle,16.23,4,3.246,68.166,07-01-2023,00:28,Credit card,6.4
INV000140,C,Naypyitaw,Normal,Female,Sports and travel,97.58,10,48.79,1024.59,07-01-2023,15:25,Cash,6.5
INV000141,B,Mandalay,Member,Male,Food and beverages,41.56,2,4.156,87.276,07-01-2023,05:23,Credit card,7.5
INV000142,A,Yangon,Normal,Male,Health and beauty,19.74,9,8.883,186.543,07-01-2023,22:47,Ewallet,9.7
INV000143,B,Mandalay,Member,Female,Fashion accessories,97.43,8,38.972,818.412,07-01-2023,00:10,Credit card,9.9
INV000144,B,Mandalay,Member,Female,Sports and travel,84.57,6,25.371,532.791,07-01-2023,14:44,Credit card,4.7
INV000145,A,Yangon,Member,Male,Health and beauty,95.2,8,38.08,799.68,07-01-2023,00:53,Credit card,9.3
INV000146,B,Mandalay,Normal,Male,Home and lifestyle,45.27,2,4.527,95.067,07-01-2023,14:09,Cash,4.9
INV000147,B,Mandalay,Member,Female,Food and beverages,57.79,9,26.0055,546.1155,07-01-2023,09:39,Cash,4.5
INV000148,B,Mandalay,Member,Female,Food and beverages,89.1,9,40.095,841.995,07-01-2023,12:17,Credit card,8.9
INV000149,C,Naypyitaw,Normal,Male,Electronic accessories,46.35,6,13.905,292.005,07-01-2023,05:27,Cash,4.3
INV000150,C,Naypyitaw,Normal,Female,Food and beverages,89.61,1,4.4805,94.0905,07-01-2023,18:57,Cash,6.9
INV000151,C,Naypyitaw,Normal,Female,Electronic accessories,58.4,1,2.92,61.32,07-01-2023,21:25,Cash,9.2
INV000152,A,Yangon,Member,Female,Health and beauty,39.73,9,17.8785,375.4485,07-01-2023,19:53,Ewallet,8.2
INV000153,A,Yangon,Normal,Male,Electronic accessories,51.43,7,18.0005,378.0105,07-01-2023,07:05,Ewallet,6.0
INV000154,B,Mandalay,Member,Female,Electronic accessories,84.06,7,29.421,617.841,07-01-2023,20:47,Ewallet,6.0
INV000155,C,Naypyitaw,Member,Female,Sports and travel,10.81,3,1.6215,34.0515,08-01-2023,16:47,Ewallet,8.6
INV000156,C,Naypyitaw,Normal,Male,Sports and travel,66.3,5,16.575,348.075,08-01-2023,16:28,Credit card,5.0
INV000157,B,Mandalay,Normal,Female,Health and beauty,78.62,1,3.931,82.551,08-01-2023,14:45,Ewallet,7.7
INV000158,A,Yangon,Normal,Female,Food and beverages,49.69,3,7.4535,156.5235,08-01-2023,15:47,Credit card,4.1
INV000159,A,Yangon,Member,Male,Home and lifestyle,32.47,7,11.3645,238.6545,08-01-2023,12:17,Credit card,6.6
INV000160,C,Naypyitaw,Member,Male,Food and beverages,71.74,4,14.348,301.308,08-01-2023,19:13,Credit card,5.4
INV000161,A,Yangon,Normal,Female,Sports and travel,12.79,5,3.1975,67.1475,08-01-2023,05:02,Cash,7.8
INV000162,C,Naypyitaw,Member,Male,Home and lifestyle,46.43,6,13.929,292.509,08-01-2023,19:45,Ewallet,4.2
INV000163,C,Naypyitaw,Member,Male,Sports and travel,52.12,8,20.848,437.808,08-01-2023,18:03,Ewallet,9.2
INV000164,B,Mandalay,Normal,Female,Electronic accessories,77.73,3,11.6595,244.8495,08-01-2023,05:48,Ewallet,4.2
INV000165,B,Mandalay,Normal,Female,Health and beauty,10.11,7,3.5385,74.3085,08-01-2023,21:36,Cash,5.5
INV000166,C,Naypyitaw,Member,Female,Fashion accessories,61.8,5,15.45,324.45,08-01-2023,06:25,Credit card,5.9
INV000167,C,Naypyitaw,Member,Female,Fashion accessories,44.93,6,13.479,283.059,08-01-2023,00:10,Cash,9.2
INV000168,B,Mandalay,Member,Female,Home and lifestyle,19.34,1,0.967,20.307,08-01-2023,09:47,Credit card,4.9
INV000169,C,Naypyitaw,Normal,Female,Health and beauty,59.81,2,5.981,125.601,08-01-2023,00:01,Cash,9.3
INV000170,A,Yangon,Normal,Female,Fashion accessories,38.67,6,11.601,243.621,08-01-2023,14:30,Ewallet,8.2
INV000171,B,Mandalay,Member,Female,Health and beauty,94.69,3,14.2035,298.2735,08-01-2023,10:34,Ewallet,9.6
INV000172,A,Yangon,Normal,Female,Sports and travel,87.52,2,8.752,183.792,08-01-2023,22:21,Credit card,7.7
INV000173,C,Naypyitaw,Normal,Female,Sports and travel,63.18,6,18.954,398.034,08-01-2023,06:49,Cash,4.2
INV000174,A,Yangon,Member,Female,Fashion accessories,62.8,9,28.26,593.46,08-01-2023,22:04,Cash,6.0
INV000175,C,Naypyitaw,Normal,Male,Food and beverages,68.62,3,10.293,216.153,08-01-2023,15:13,Cash,6.0
INV000176,C,Naypyitaw,Member,Female,Electronic accessories,45.89,6,13.767,289.107,08-01-2023,20:30,Ewallet,6.8
INV000177,B,Mandalay,Normal,Male,Sports and travel,65.96,4,13.192,277.032,09-01-2023,15:55,Ewallet,9.2
INV000178,C,Naypyitaw,Member,Male,Electronic accessories,53.31,2,5.331,111.951,09-01-2023,05:34,Credit card,6.5
INV000179,A,Yangon,Normal,Female,Food and beverages,28.75,2,2.875,60.375,09-01-2023,00:20,Credit card,4.8
INV000180,B,Mandalay,Normal,Male,Electronic accessories,31.14,2,3.114,65.394,09-01-2023,06:14,Cash,4.4
INV000181,C,Naypyitaw,Member,Male,Fashion accessories,55.82,9,25.119,527.499,09-01-2023,18:27,Cash,5.0
INV000182,C,Naypyitaw,Normal,Female,Home and lifestyle,68.45,1,3.4225,71.8725,09-01-2023,07:39,Ewallet,9.8
INV000183,C,Naypyitaw,Member,Male,Fashion accessories,25.11,10,12.555,263.655,09-01-2023,14:03,Credit card,6.6
INV000184,A,Yangon,Normal,Male,Health and beauty,24.87,4,4.974,104.454,09-01-2023,21:47,Ewallet,8.4
INV000185,C,Naypyitaw,Member,Male,Sports and travel,49.73,6,14.919,313.299,09-01-2023,10:19,Cash,4.2
INV000186,B,Mandalay,Member,Male,Sports and travel,14.6,1,0.73,15.33,09-01-2023,01:58,Ewallet,5.1
INV000187,A,Yangon,Member,Male,Fashion accessories,71.25,4,14.25,299.25,09-01-2023,11:32,Cash,8.1
INV000188,A,Yangon,Member,Male,Health and beauty,61.63,8,24.652,517.692,09-01-2023,08:14,Cash,6.1
INV000189,C,Naypyitaw,Member,Female,Food and beverages,22.78,2,2.278,47.838,09-01-2023,12:25,Credit card,5.0
INV000190,A,Yangon,Normal,Male,Fashion accessories,87.26,6,26.178,549.738,09-01-2023,19:58,Cash,9.0
INV000191,B,Mandalay,Normal,Female,Electronic accessories,64.99,8,25.996,545.916,09-01-2023,05:02,Cash,4.2
INV000192,B,Mandalay,Normal,Male,Health and beauty,29.2,5,7.3,153.3,09-01-2023,22:07,Cash,4.6
INV000193,C,Naypyitaw,Normal,Female,Health and beauty,87.11,9,39.1995,823.1895,09-01-2023,11:27,Credit card,4.5
INV000194,A,Yangon,Member,Female,Food and beverages,78.1,4,15.62,328.02,09-01-2023,00:18,Credit card,8.6
INV000195,B,Mandalay,Member,Male,Health and beauty,20.7,6,6.21,130.41,09-01-2023,07:34,Ewallet,5.9
INV000196,C,Naypyitaw,Member,Male,Home and lifestyle,44.58,9,20.061,421.281,09-01-2023,05:04,Cash,6.7
INV000197,A,Yangon,Normal,Female,Fashion accessories,67.19,2,6.719,141.099,09-01-2023,15:41,Cash,7.3
INV000198,B,Mandalay,Normal,Female,Food and beverages,82.43,9,37.0935,778.9635,09-01-2023,00:11,Ewallet,7.2
INV000199,A,Yangon,Member,Male,Fashion accessories,76.47,5,19.1175,401.4675,10-01-2023,06:46,Cash,9.4
INV000200,A,Yangon,Normal,Female,Home and lifestyle,43.83,4,8.766,184.086,10-01-2023,13:08,Cash,5.2
INV000201,A,Yangon,Normal,Male,Sports and travel,69.64,3,10.446,219.366,10-01-2023,19:27,Ewallet,8.3
INV000202,C,Naypyitaw,Normal,Female,Health and beauty,56.5,7,19.775,415.275,10-01-2023,22:54,Credit card,8.8
INV000203,A,Yangon,Member,Male,Electronic accessories,26.49,8,10.596,222.516,10-01-2023,00:35,Cash,4.5
INV000204,B,Mandalay,Member,Male,Electronic accessories,20.0,7,7.0,147.0,10-01-2023,19:01,Cash,7.6
INV000205,B,Mandalay,Normal,Female,Electronic accessories,42.11,10,21.055,442.155,10-01-2023,09:43,Credit card,7.3
INV000206,A,Yangon,Member,Female,Home and lifestyle,85.75,7,30.0125,630.2625,10-01-2023,20:25,Credit card,8.6
INV000207,A,Yangon,Member,Male,Health and beauty,75.58,2,7.558,158.718,10-01-2023,11:12,Ewallet,4.6
INV000208,A,Yangon,Normal,Female,Home and lifestyle,30.64,9,13.788,289.548,10-01-2023,21:17,Ewallet,5.6
INV000209,C,Naypyitaw,Normal,Female,Fashion accessories,49.68,9,22.356,469.476,10-01-2023,07:38,Credit card,4.8
INV000210,A,Yangon,Normal,Female,Food and beverages,17.07,8,6.828,143.388,10-01-2023,05:52,Cash,6.4
INV000211,C,Naypyitaw,Member,Male,Sports and travel,49.37,2,4.937,103.677,10-01-2023,15:55,Credit card,5.4
INV000212,C,Naypyitaw,Normal,Female,Home and lifestyle,57.43,10,28.715,603.015,10-01-2023,21:22,Ewallet,4.3
INV000213,C,Naypyitaw,Member,Male,Electronic accessories,49.73,4,9.946,208.866,10-01-2023,21:27,Cash,4.5
INV000214,B,Mandalay,Normal,Male,Health and beauty,25.17,10,12.585,264.285,10-01-2023,07:25,Cash,8.9
INV000215,A,Yangon,Member,Female,Sports and travel,52.26,7,18.291,384.111,10-01-2023,05:47,Credit card,4.1
INV000216,B,Mandalay,Normal,Male,Health and beauty,69.77,4,13.954,293.034,10-01-2023,06:45,Ewallet,8.5
INV000217,A,Yangon,Normal,Female,Sports and travel,73.08,4,14.616,306.936,10-01-2023,08:00,Ewallet,6.1
INV000218,C,Naypyitaw,Member,Male,Health and beauty,55.37,3,8.3055,174.4155,10-01-2023,20:03,Ewallet,9.7
INV000219,B,Mandalay,Member,Female,Home and lifestyle,61.14,5,15.285,320.985,10-01-2023,04:03,Ewallet,9.6
INV000220,A,Yangon,Normal,Male,Fashion accessories,88.14,6,26.442,555.282,10-01-2023,18:10,Credit card,5.8
INV000221,A,Yangon,Member,Female,Home and lifestyle,71.85,2,7.185,150.885,11-01-2023,20:29,Credit card,7.8
INV000222,B,Mandalay,Member,Female,Health and beauty,92.13,1,4.6065,96.7365,11-01-2023,18:53,Credit card,9.0
INV000223,A,Yangon,Normal,Female,Health and beauty,69.3,2,6.93,145.53,11-01-2023,23:35,Cash,7.0
INV000224,A,Yangon,Member,Female,Sports and travel,37.75,4,7.55,158.55,11-01-2023,16:28,Ewallet,7.8
INV000225,A,Yangon,Normal,Female,Home and lifestyle,44.4,5,11.1,233.1,11-01-2023,12:57,Ewallet,6.9
INV000226,B,Mandalay,Normal,Male,Health and beauty,48.3,9,21.735,456.435,11-01-2023,18:42,Ewallet,8.7
INV000227,A,Yangon,Member,Female,Sports and travel,65.01,4,13.002,273.042,11-01-2023,13:04,Ewallet,5.3
INV000228,A,Yangon,Normal,Female,Electronic accessories,21.63,4,4.326,90.846,11-01-2023,12:47,Ewallet,6.2
INV000229,C,Naypyitaw,Normal,Male,Food and beverages,78.47,7,27.4645,576.7545,11-01-2023,06:25,Ewallet,6.5
INV000230,B,Mandalay,Normal,Male,Electronic accessories,26.88,5,6.72,141.12,11-01-2023,01:04,Ewallet,9.0
INV000231,C,Naypyitaw,Member,Male,Food and beverages,13.79,1,0.6895,14.4795,11-01-2023,16:34,Ewallet,7.9
INV000232,C,Naypyitaw,Member,Male,Electronic accessories,21.32,2,2.132,44.772,11-01-2023,10:23,Credit card,6.9
INV000233,C,Naypyitaw,Member,Female,Electronic accessories,79.87,1,3.9935,83.8635,11-01-2023,01:44,Ewallet,8.0
INV000234,B,Mandalay,Normal,Female,Food and beverages,34.86,2,3.486,73.206,11-01-2023,03:51,Cash,7.8
INV000235,C,Naypyitaw,Normal,Female,Health and beauty,64.64,7,22.624,475.104,11-01-2023,14:15,Credit card,4.6
INV000236,B,Mandalay,Member,Female,Food and beverages,13.38,7,4.683,98.343,11-01-2023,00:42,Cash,8.8
INV000237,A,Yangon,Member,Female,Food and beverages,44.5,4,8.9,186.9,11-01-2023,07:15,Credit card,8.0
INV000238,A,Yangon,Member,Male,Food and beverages,68.77,8,27.508,577.668,11-01-2023,22:23,Cash,4.5
INV000239,C,Naypyitaw,Normal,Female,Health and beauty,96.86,2,9.686,203.406,11-01-2023,16:02,Ewallet,7.7
INV000240,B,Mandalay,Normal,Female,Fashion accessories,89.73,10,44.865,942.165,11-01-2023,02:28,Ewallet,6.8
INV000241,A,Yangon,Member,Female,Sports and travel,23.94,10,11.97,251.37,11-01-2023,13:02,Ewallet,7.6
INV000242,A,Yangon,Member,Female,Sports and travel,44.59,2,4.459,93.639,11-01-2023,13:09,Ewallet,9.6
INV000243,B,Mandalay,Member,Male,Food and beverages,35.45,7,12.4075,260.5575,12-01-2023,00:38,Credit card,9.5
INV000244,A,Yangon,Normal,Male,Fashion accessories,84.94,8,33.976,713.496,12-01-2023,03:57,Credit card,7.9
INV000245,A,Yangon,Normal,Male,Health and beauty,93.43,2,9.343,196.203,12-01-2023,12:49,Ewallet,8.4
INV000246,B,Mandalay,Member,Male,Sports and travel,75.22,5,18.805,394.905,12-01-2023,22:56,Cash,5.8
INV000247,C,Naypyitaw,Normal,Male,Sports and travel,66.63,5,16.6575,349.8075,12-01-2023,18:54,Ewallet,7.3
INV000248,B,Mandalay,Normal,Male,Health and beauty,34.73,3,5.2095,109.3995,12-01-2023,20:47,Credit card,7.9
INV000249,A,Yangon,Normal,Female,Home and lifestyle,26.73,9,12.0285,252.5985,12-01-2023,01:51,Credit card,7.3
INV000250,A,Yangon,Normal,Female,Sports and travel,76.37,9,34.3665,721.6965,12-01-2023,23:20,Cash,8.5
INV000251,B,Mandalay,Member,Male,Food and beverages,21.1,4,4.22,88.62,12-01-2023,17:23,Credit card,5.3
INV000252,A,Yangon,Normal,Female,Food and beverages,12.59,4,2.518,52.878,12-01-2023,03:07,Credit card,4.6
INV000253,C,Naypyitaw,Member,Female,Home and lifestyle,15.77,10,7.885,165.585,12-01-2023,17:58,Credit card,4.3
INV000254,C,Naypyitaw,Normal,Male,Sports and travel,83.43,1,4.1715,87.6015,12-01-2023,22:22,Ewallet,4.4
INV000255,A,Yangon,Normal,Female,Food and beverages,80.19,3,12.0285,252.5985,12-01-2023,07:11,Cash,4.7
INV000256,B,Mandalay,Member,Male,Sports and travel,15.57,9,7.0065,147.1365,12-01-2023,16:59,Ewallet,5.0
INV000257,C,Naypyitaw,Member,Male,Home and lifestyle,71.05,7,24.8675,522.2175,12-01-2023,02:16,Credit card,5.2
INV000258,C,Naypyitaw,Normal,Male,Food and beverages,72.32,6,21.696,455.616,12-01-2023,11:49,Cash,5.8
INV000259,B,Mandalay,Member,Female,Electronic accessories,87.67,5,21.9175,460.2675,12-01-2023,00:48,Cash,9.6
INV000260,B,Mandalay,Normal,Female,Electronic accessories,90.94,8,36.376,763.896,12-01-2023,22:16,Ewallet,4.3
INV000261,A,Yangon,Member,Male,Sports and travel,68.47,4,13.694,287.574,12-01-2023,12:04,Ewallet,4.3
INV000262,A,Yangon,Member,Male,Sports and travel,80.05,10,40.025,840.525,12-01-2023,23:43,Credit card,6.7
INV000263,B,Mandalay,Member,Male,Sports and travel,12.99,4,2.598,54.558,12-01-2023,04:09,Cash,6.1
INV000264,A,Yangon,Normal,Female,Electronic accessories,75.19,4,15.038,315.798,12-01-2023,15:43,Credit card,4.3
INV000265,C,Naypyitaw,Member,Male,Food and beverages,97.34,2,9.734,204.414,13-01-2023,19:14,Credit card,5.1
INV000266,A,Yangon,Member,Male,Sports and travel,41.11,9,18.4995,388.4895,13-01-2023,02:40,Ewallet,5.4
INV000267,A,Yangon,Normal,Male,Health and beauty,56.58,2,5.658,118.818,13-01-2023,00:27,Credit card,4.4
INV000268,B,Mandalay,Normal,Female,Fashion accessories,50.79,1,2.5395,53.3295,13-01-2023,14:01,Ewallet,9.7
INV000269,B,Mandalay,Normal,Female,Home and lifestyle,67.94,6,20.382,428.022,13-01-2023,09:47,Ewallet,7.1
INV000270,B,Mandalay,Member,Female,Home and lifestyle,79.98,7,27.993,587.853,13-01-2023,04:36,Ewallet,6.0
INV000271,B,Mandalay,Normal,Female,Food and beverages,68.71,4,13.742,288.582,13-01-2023,10:03,Ewallet,9.7
INV000272,C,Naypyitaw,Normal,Male,Electronic accessories,15.8,3,2.37,49.77,13-01-2023,17:47,Cash,7.0
INV000273,A,Yangon,Normal,Male,Home and lifestyle,43.86,3,6.579,138.159,13-01-2023,11:48,Credit card,5.2
INV000274,C,Naypyitaw,Member,Female,Health and beauty,61.41,5,15.3525,322.4025,13-01-2023,18:15,Credit card,6.4
INV000275,B,Mandalay,Normal,Female,Sports and travel,71.94,2,7.194,151.074,13-01-2023,12:54,Cash,6.2
INV000276,B,Mandalay,Member,Female,Health and beauty,63.23,7,22.1305,464.7405,13-01-2023,17:03,Cash,8.4
INV000277,B,Mandalay,Member,Female,Fashion accessories,96.13,3,14.4195,302.8095,13-01-2023,09:03,Ewallet,8.4
INV000278,A,Yangon,Normal,Male,Food and beverages,69.44,2,6.944,145.824,13-01-2023,21:23,Credit card,9.9
INV000279,C,Naypyitaw,Member,Male,Health and beauty,18.28,4,3.656,76.776,13-01-2023,15:29,Ewallet,6.3
INV000280,B,Mandalay,Member,Male,Sports and travel,91.72,6,27.516,577.836,13-01-2023,03:30,Credit card,9.9
INV000281,B,Mandalay,Normal,Male,Food and beverages,32.63,6,9.789,205.569,13-01-2023,19:14,Credit card,7.2
INV000282,A,Yangon,Member,Female,Fashion accessories,74.0,3,11.1,233.1,13-01-2023,09:05,Ewallet,6.7
INV000283,B,Mandalay,Normal,Female,Fashion accessories,75.69,3,11.3535,238.4235,13-01-2023,04:48,Ewallet,8.1
INV000284,A,Yangon,Normal,Female,Fashion accessories,86.16,1,4.308,90.468,13-01-2023,16:07,Ewallet,4.5
INV000285,C,Naypyitaw,Normal,Male,Fashion accessories,42.07,5,10.5175,220.8675,13-01-2023,03:46,Credit card,6.4
INV000286,B,Mandalay,Normal,Male,Health and beauty,80.17,2,8.017,168.357,13-01-2023,18:58,Credit card,8.0
INV000287,C,Naypyitaw,Member,Female,Fashion accessories,50.97,4,10.194,214.074,14-01-2023,08:20,Cash,6.3
INV000288,B,Mandalay,Member,Female,Health and beauty,13.74,8,5.496,115.416,14-01-2023,04:29,Credit card,5.7
INV000289,B,Mandalay,Member,Male,Home and lifestyle,77.1,9,34.695,728.595,14-01-2023,04:43,Ewallet,9.8
INV000290,B,Mandalay,Member,Male,Health and beauty,35.06,4,7.012,147.252,14-01-2023,06:37,Ewallet,4.7
INV000291,A,Yangon,Member,Male,Health and beauty,51.72,9,23.274,488.754,14-01-2023,20:26,Ewallet,5.4
INV000292,B,Mandalay,Normal,Male,Sports and travel,88.07,2,8.807,184.947,14-01-2023,19:10,Cash,7.2
INV000293,B,Mandalay,Member,Female,Home and lifestyle,33.83,2,3.383,71.043,14-01-2023,11:00,Ewallet,9.0
INV000294,C,Naypyitaw,Member,Male,Health and beauty,90.96,4,18.192,382.032,14-01-2023,17:38,Credit card,9.3
INV000295,C,Naypyitaw,Normal,Male,Sports and travel,91.05,9,40.9725,860.4225,14-01-2023,10:58,Credit card,6.7
INV000296,C,Naypyitaw,Normal,Female,Health and beauty,72.53,4,14.506,304.626,14-01-2023,05:47,Ewallet,6.3
INV000297,C,Naypyitaw,Normal,Female,Electronic accessories,52.09,9,23.4405,492.2505,14-01-2023,18:30,Cash,9.3
INV000298,A,Yangon,Member,Female,Electronic accessories,90.76,3,13.614,285.894,14-01-2023,23:23,Cash,6.7
INV000299,C,Naypyitaw,Normal,Female,Home and lifestyle,49.82,4,9.964,209.244,14-01-2023,10:52,Cash,9.1
INV000300,A,Yangon,Normal,Female,Sports and travel,35.36,7,12.376,259.896,14-01-2023,05:40,Cash,5.3
INV000301,C,Naypyitaw,Member,Male,Health and beauty,82.68,1,4.134,86.814,14-01-2023,09:12,Credit card,7.2
INV000302,B,Mandalay,Normal,Male,Food and beverages,70.11,3,10.5165,220.8465,14-01-2023,15:06,Ewallet,5.6
INV000303,C,Naypyitaw,Member,Female,Food and beverages,73.55,1,3.6775,77.2275,14-01-2023,22:04,Credit card,9.7
INV000304,B,Mandalay,Normal,Female,Fashion accessories,32.93,7,11.5255,242.0355,14-01-2023,14:09,Ewallet,8.0
INV000305,B,Mandalay,Normal,Male,Home and lifestyle,63.07,8,25.228,529.788,14-01-2023,18:27,Credit card,6.4
INV000306,A,Yangon,Normal,Female,Food and beverages,70.4,2,7.04,147.84,14-01-2023,21:29,Cash,4.8
INV000307,A,Yangon,Member,Male,Sports and travel,66.77,5,16.6925,350.5425,14-01-2023,06:26,Cash,4.9
INV000308,A,Yangon,Member,Male,Home and lifestyle,53.25,10,26.625,559.125,14-01-2023,23:00,Ewallet,7.4
INV000309,C,Naypyitaw,Normal,Male,Fashion accessories,85.26,6,25.578,537.138,15-01-2023,18:50,Cash,8.0
INV000310,A,Yangon,Member,Female,Fashion accessories,49.73,2,4.973,104.433,15-01-2023,03:14,Credit card,9.5
INV000311,C,Naypyitaw,Member,Female,Electronic accessories,42.93,6,12.879,270.459,15-01-2023,23:23,Cash,6.2
INV000312,A,Yangon,Member,Female,Food and beverages,89.22,1,4.461,93.681,15-01-2023,09:18,Ewallet,4.2
INV000313,C,Naypyitaw,Normal,Male,Home and lifestyle,46.46,1,2.323,48.783,15-01-2023,14:40,Cash,7.6
INV000314,C,Naypyitaw,Member,Female,Fashion accessories,50.41,4,10.082,211.722,15-01-2023,13:56,Ewallet,9.9
INV000315,C,Naypyitaw,Member,Female,Home and lifestyle,28.59,10,14.295,300.195,15-01-2023,04:21,Credit card,6.8
INV000316,A,Yangon,Normal,Male,Food and beverages,95.08,5,23.77,499.17,15-01-2023,17:38,Credit card,7.6
INV000317,B,Mandalay,Normal,Male,Home and lifestyle,95.54,4,19.108,401.268,15-01-2023,01:48,Credit card,8.6
INV000318,B,Mandalay,Member,Male,Electronic accessories,24.98,5,6.245,131.145,15-01-2023,23:22,Credit card,6.1
INV000319,B,Mandalay,Normal,Female,Health and beauty,55.16,5,13.79,289.59,15-01-2023,04:59,Credit card,7.3
INV000320,A,Yangon,Normal,Male,Home and lifestyle,23.4,2,2.34,49.14,15-01-2023,02:18,Ewallet,8.7
INV000321,B,Mandalay,Member,Female,Health and beauty,80.53,3,12.0795,253.6695,15-01-2023,02:44,Credit card,4.9
INV000322,B,Mandalay,Normal,Female,Home and lifestyle,21.78,5,5.445,114.345,15-01-2023,04:26,Ewallet,6.8
INV000323,A,Yangon,Normal,Male,Sports and travel,15.14,8,6.056,127.176,15-01-2023,17:23,Cash,4.2
INV000324,B,Mandalay,Normal,Female,Sports and travel,53.02,6,15.906,334.026,15-01-2023,17:02,Ewallet,6.9
INV000325,C,Naypyitaw,Normal,Male,Home and lifestyle,55.5,9,24.975,524.475,15-01-2023,08:18,Cash,9.2
INV000326,B,Mandalay,Member,Male,Sports and travel,81.79,3,12.2685,257.6385,15-01-2023,17:51,Credit card,4.4
INV000327,A,Yangon,Normal,Male,Home and lifestyle,37.76,3,5.664,118.944,15-01-2023,07:22,Ewallet,9.8
INV000328,A,Yangon,Normal,Female,Fashion accessories,71.21,3,10.6815,224.3115,15-01-2023,15:05,Ewallet,5.8
INV000329,C,Naypyitaw,Normal,Female,Home and lifestyle,28.75,9,12.9375,271.6875,15-01-2023,22:06,Credit card,5.2
INV000330,B,Mandalay,Member,Female,Home and lifestyle,75.67,9,34.0515,715.0815,15-01-2023,00:00,Ewallet,4.0
INV000331,B,Mandalay,Normal,Male,Health and beauty,85.29,2,8.529,179.109,16-01-2023,11:42,Ewallet,6.9
INV000332,A,Yangon,Member,Female,Fashion accessories,37.25,8,14.9,312.9,16-01-2023,15:09,Credit card,9.7
INV000333,A,Yangon,Normal,Male,Fashion accessories,36.66,8,14.664,307.944,16-01-2023,06:14,Credit card,5.5
INV000334,C,Naypyitaw,Member,Female,Food and beverages,69.35,2,6.935,145.635,16-01-2023,04:54,Cash,5.8
INV000335,A,Yangon,Member,Female,Food and beverages,61.91,7,21.6685,455.0385,16-01-2023,05:20,Cash,5.3
INV000336,A,Yangon,Member,Male,Health and beauty,77.61,1,3.8805,81.4905,16-01-2023,03:02,Cash,6.7
INV000337,C,Naypyitaw,Normal,Female,Sports and travel,70.75,2,7.075,148.575,16-01-2023,06:51,Ewallet,5.8
INV000338,A,Yangon,Normal,Female,Food and beverages,91.59,8,36.636,769.356,16-01-2023,17:15,Cash,5.7
INV000339,A,Yangon,Normal,Male,Health and beauty,76.63,9,34.4835,724.1535,16-01-2023,16:30,Ewallet,8.7
INV000340,B,Mandalay,Normal,Male,Electronic accessories,51.56,6,15.468,324.828,16-01-2023,05:24,Credit card,4.5
INV000341,B,Mandalay,Normal,Male,Home and lifestyle,60.28,2,6.028,126.588,16-01-2023,07:07,Cash,9.4
INV000342,B,Mandalay,Member,Female,Sports and travel,70.09,1,3.5045,73.5945,16-01-2023,07:50,Cash,6.3
INV000343,C,Naypyitaw,Normal,Female,Food and beverages,73.46,5,18.365,385.665,16-01-2023,15:28,Ewallet,4.8
INV000344,B,Mandalay,Normal,Male,Food and beverages,52.31,3,7.8465,164.7765,16-01-2023,21:56,Ewallet,6.2
INV000345,B,Mandalay,Normal,Male,Home and lifestyle,50.74,2,5.074,106.554,16-01-2023,03:46,Cash,4.3
INV000346,B,Mandalay,Member,Male,Sports and travel,85.68,9,38.556,809.676,16-01-2023,05:28,Credit card,8.4
INV000347,C,Naypyitaw,Normal,Male,Food and beverages,13.2,9,5.94,124.74,16-01-2023,12:55,Cash,8.4
INV000348,A,Yangon,Normal,Male,Sports and travel,73.48,6,22.044,462.924,16-01-2023,18:08,Credit card,5.7
INV000349,C,Naypyitaw,Member,Female,Fashion accessories,55.91,5,13.9775,293.5275,16-01-2023,09:17,Ewallet,9.5
INV000350,B,Mandalay,Normal,Female,Electronic accessories,12.8,3,1.92,40.32,16-01-2023,01:50,Ewallet,9.4
INV000351,A,Yangon,Normal,Male,Sports and travel,13.71,10,6.855,143.955,16-01-2023,03:49,Credit card,6.7
INV000352,A,Yangon,Member,Female,Electronic accessories,86.28,6,25.884,543.564,16-01-2023,02:54,Credit card,4.7
INV000353,A,Yangon,Member,Male,Health and beauty,78.81,10,39.405,827.505,17-01-2023,08:38,Ewallet,6.2
INV000354,A,Yangon,Member,Female,Food and beverages,96.7,3,14.505,304.605,17-01-2023,07:36,Cash,9.0
INV000355,C,Naypyitaw,Member,Male,Fashion accessories,23.56,8,9.424,197.904,17-01-2023,03:14,Credit card,9.6
INV000356,C,Naypyitaw,Member,Female,Sports and travel,15.15,10,7.575,159.075,17-01-2023,18:47,Credit card,8.7
INV000357,B,Mandalay,Normal,Male,Sports and travel,79.15,1,3.9575,83.1075,17-01-2023,18:33,Ewallet,4.8
INV000358,C,Naypyitaw,Normal,Male,Home and lifestyle,23.08,5,5.77,121.17,17-01-2023,07:35,Cash,6.3
INV000359,B,Mandalay,Member,Male,Sports and travel,40.02,6,12.006,252.126,17-01-2023,09:18,Ewallet,8.1
INV000360,B,Mandalay,Normal,Female,Sports and travel,30.49,8,12.196,256.116,17-01-2023,15:45,Ewallet,8.6
INV000361,C,Naypyitaw,Normal,Female,Food and beverages,65.26,6,19.578,411.138,17-01-2023,07:25,Cash,7.3
INV000362,C,Naypyitaw,Member,Female,Fashion accessories,49.65,1,2.4825,52.1325,17-01-2023,05:30,Credit card,9.1
INV000363,A,Yangon,Normal,Female,Sports and travel,94.68,8,37.872,795.312,17-01-2023,18:33,Cash,5.3
INV000364,C,Naypyitaw,Normal,Male,Fashion accessories,65.39,10,32.695,686.595,17-01-2023,23:33,Ewallet,8.8
INV000365,B,Mandalay,Normal,Male,Home and lifestyle,56.41,2,5.641,118.461,17-01-2023,15:29,Credit card,5.0
INV000366,C,Naypyitaw,Normal,Male,Fashion accessories,67.01,7,23.4535,492.5235,17-01-2023,09:52,Ewallet,7.4
INV000367,B,Mandalay,Member,Male,Food and beverages,10.8,5,2.7,56.7,17-01-2023,19:39,Ewallet,7.8
INV000368,A,Yangon,Member,Female,Home and lifestyle,32.59,9,14.6655,307.9755,17-01-2023,05:48,Cash,8.0
INV000369,A,Yangon,Member,Female,Home and lifestyle,94.98,1,4.749,99.729,17-01-2023,10:00,Credit card,6.2
INV000370,C,Naypyitaw,Normal,Male,Home and lifestyle,94.63,10,47.315,993.615,17-01-2023,11:57,Cash,10.0
INV000371,C,Naypyitaw,Normal,Female,Sports and travel,85.41,1,4.2705,89.6805,17-01-2023,18:01,Credit card,9.8
INV000372,A,Yangon,Normal,Male,Health and beauty,30.35,1,1.5175,31.8675,17-01-2023,23:44,Ewallet,8.1
INV000373,A,Yangon,Member,Female,Home and lifestyle,60.14,5,15.035,315.735,17-01-2023,01:38,Ewallet,9.0
INV000374,A,Yangon,Member,Male,Electronic accessories,89.44,5,22.36,469.56,17-01-2023,07:41,Credit card,6.9
INV000375,C,Naypyitaw,Member,Male,Health and beauty,36.32,7,12.712,266.952,18-01-2023,15:23,Cash,6.2
INV000376,A,Yangon,Normal,Male,Home and lifestyle,18.46,8,7.384,155.064,18-01-2023,03:08,Credit card,8.6
INV000377,C,Naypyitaw,Normal,Female,Health and beauty,51.23,5,12.8075,268.9575,18-01-2023,21:11,Ewallet,9.6
INV000378,C,Naypyitaw,Normal,Male,Health and beauty,62.55,6,18.765,394.065,18-01-2023,22:29,Ewallet,9.8
INV000379,A,Yangon,Member,Male,Sports and travel,30.51,3,4.5765,96.1065,18-01-2023,05:41,Credit card,9.8
INV000380,A,Yangon,Normal,Male,Health and beauty,85.51,7,29.9285,628.4985,18-01-2023,05:05,Credit card,8.9
INV000381,A,Yangon,Member,Male,Fashion accessories,39.99,6,11.997,251.937,18-01-2023,08:23,Credit card,7.3
INV000382,A,Yangon,Member,Male,Electronic accessories,73.13,2,7.313,153.573,18-01-2023,12:46,Cash,5.6
INV000383,C,Naypyitaw,Member,Male,Sports and travel,94.48,9,42.516,892.836,18-01-2023,15:16,Cash,8.7
INV000384,B,Mandalay,Member,Male,Health and beauty,49.94,2,4.994,104.874,18-01-2023,01:43,Ewallet,4.6
INV000385,B,Mandalay,Member,Female,Food and beverages,86.69,1,4.3345,91.0245,18-01-2023,12:42,Ewallet,4.9
INV000386,A,Yangon,Normal,Male,Home and lifestyle,20.58,1,1.029,21.609,18-01-2023,18:19,Cash,6.6
INV000387,C,Naypyitaw,Member,Female,Sports and travel,79.97,4,15.994,335.874,18-01-2023,06:08,Ewallet,9.0
INV000388,A,Yangon,Normal,Female,Electronic accessories,48.95,4,9.79,205.59,18-01-2023,12:07,Credit card,8.9
INV000389,C,Naypyitaw,Normal,Male,Food and beverages,54.93,6,16.479,346.059,18-01-2023,16:39,Ewallet,8.8
INV000390,C,Naypyitaw,Member,Male,Home and lifestyle,87.01,4,17.402,365.442,18-01-2023,18:38,Ewallet,5.7
INV000391,B,Mandalay,Normal,Male,Fashion accessories,65.61,3,9.8415,206.6715,18-01-2023,16:54,Credit card,4.1
INV000392,B,Mandalay,Member,Male,Sports and travel,35.6,5,8.9,186.9,18-01-2023,21:46,Cash,9.6
INV000393,C,Naypyitaw,Normal,Male,Fashion accessories,31.99,1,1.5995,33.5895,18-01-2023,22:21,Ewallet,6.0
INV000394,B,Mandalay,Member,Female,Sports and travel,97.4,4,19.48,409.08,18-01-2023,06:30,Cash,5.2
INV000395,C,Naypyitaw,Normal,Female,Sports and travel,34.73,2,3.473,72.933,18-01-2023,13:50,Cash,9.9
INV000396,A,Yangon,Normal,Male,Electronic accessories,96.39,5,24.0975,506.0475,18-01-2023,23:55,Cash,8.4
INV000397,B,Mandalay,Member,Male,Health and beauty,45.39,3,6.8085,142.9785,19-01-2023,12:57,Cash,8.4
INV000398,C,Naypyitaw,Normal,Female,Fashion accessories,22.81,7,7.9835,167.6535,19-01-2023,21:58,Ewallet,9.6
INV000399,A,Yangon,Member,Female,Sports and travel,50.76,3,7.614,159.894,19-01-2023,06:06,Cash,7.8
INV000400,B,Mandalay,Member,Male,Electronic accessories,50.11,6,15.033,315.693,19-01-2023,12:24,Cash,5.5
INV000401,A,Yangon,Member,Male,Electronic accessories,49.97,5,12.4925,262.3425,19-01-2023,18:22,Ewallet,9.6
INV000402,A,Yangon,Normal,Female,Electronic accessories,43.25,1,2.1625,45.4125,19-01-2023,14:40,Cash,9.6
INV000403,C,Naypyitaw,Normal,Female,Sports and travel,74.59,10,37.295,783.195,19-01-2023,15:27,Cash,9.9
INV000404,A,Yangon,Member,Female,Electronic accessories,18.24,5,4.56,95.76,19-01-2023,19:10,Credit card,9.2
INV000405,B,Mandalay,Normal,Male,Electronic accessories,98.67,1,4.9335,103.6035,19-01-2023,00:42,Cash,5.5
INV000406,B,Mandalay,Member,Male,Food and beverages,88.09,4,17.618,369.978,19-01-2023,17:50,Ewallet,6.1
INV000407,A,Yangon,Member,Female,Home and lifestyle,50.85,3,7.6275,160.1775,19-01-2023,22:17,Cash,7.6
INV000408,C,Naypyitaw,Member,Female,Fashion accessories,44.11,4,8.822,185.262,19-01-2023,05:18,Cash,5.2
INV000409,C,Naypyitaw,Normal,Female,Home and lifestyle,56.41,3,8.4615,177.6915,19-01-2023,08:13,Cash,9.5
INV000410,C,Naypyitaw,Normal,Male,Sports and travel,42.79,6,12.837,269.577,19-01-2023,09:08,Cash,8.7
INV000411,C,Naypyitaw,Normal,Male,Home and lifestyle,72.79,10,36.395,764.295,19-01-2023,11:19,Cash,7.9
INV000412,B,Mandalay,Member,Female,Fashion accessories,79.87,10,39.935,838.635,19-01-2023,20:08,Ewallet,7.5
INV000413,C,Naypyitaw,Member,Female,Sports and travel,28.69,1,1.4345,30.1245,19-01-2023,13:42,Credit card,4.1
INV000414,C,Naypyitaw,Normal,Male,Food and beverages,16.27,10,8.135,170.835,19-01-2023,14:19,Cash,9.3
INV000415,B,Mandalay,Normal,Male,Sports and travel,35.74,4,7.148,150.108,19-01-2023,02:19,Ewallet,7.1
INV000416,C,Naypyitaw,Member,Male,Electronic accessories,83.74,9,37.683,791.343,19-01-2023,22:14,Ewallet,8.9
INV000417,B,Mandalay,Normal,Male,Electronic accessories,34.16,1,1.708,35.868,19-01-2023,14:40,Ewallet,6.4
INV000418,C,Naypyitaw,Normal,Female,Health and beauty,86.43,10,43.215,907.515,19-01-2023,01:26,Credit card,9.2
INV000419,B,Mandalay,Member,Female,Health and beauty,24.27,5,6.0675,127.4175,20-01-2023,10:52,Credit card,6.3
INV000420,C,Naypyitaw,Member,Male,Food and beverages,73.97,6,22.191,466.011,20-01-2023,10:19,Cash,5.0
INV000421,A,Yangon,Member,Male,Electronic accessories,88.47,10,44.235,928.935,20-01-2023,16:59,Cash,4.7
INV000422,A,Yangon,Member,Male,Fashion accessories,33.82,6,10.146,213.066,20-01-2023,23:25,Credit card,7.7
INV000423,C,Naypyitaw,Member,Female,Health and beauty,58.14,10,29.07,610.47,20-01-2023,02:54,Credit card,5.2
INV000424,A,Yangon,Normal,Male,Electronic accessories,11.97,1,0.5985,12.5685,20-01-2023,04:04,Ewallet,6.0
INV000425,A,Yangon,Normal,Male,Food and beverages,44.88,1,2.244,47.124,20-01-2023,17:10,Credit card,9.7
INV000426,B,Mandalay,Normal,Male,Health and beauty,69.92,3,10.488,220.248,20-01-2023,20:30,Credit card,5.3
INV000427,B,Mandalay,Normal,Female,Sports and travel,72.06,8,28.824,605.304,20-01-2023,18:36,Credit card,9.1
INV000428,C,Naypyitaw,Member,Male,Fashion accessories,55.44,3,8.316,174.636,20-01-2023,16:01,Cash,6.9
INV000429,A,Yangon,Member,Male,Electronic accessories,90.26,2,9.026,189.546,20-01-2023,08:53,Cash,5.1
INV000430,B,Mandalay,Normal,Female,Health and beauty,97.37,2,9.737,204.477,20-01-2023,13:53,Cash,9.9
INV000431,A,Yangon,Normal,Female,Food and beverages,49.73,3,7.4595,156.6495,20-01-2023,03:25,Cash,4.4
INV000432,C,Naypyitaw,Member,Female,Home and lifestyle,68.45,2,6.845,143.745,20-01-2023,18:05,Credit card,6.2
INV000433,C,Naypyitaw,Member,Female,Health and beauty,61.71,9,27.7695,583.1595,20-01-2023,04:09,Cash,7.1
INV000434,C,Naypyitaw,Normal,Female,Health and beauty,11.3,3,1.695,35.595,20-01-2023,00:43,Credit card,5.0
INV000435,A,Yangon,Normal,Male,Electronic accessories,90.83,7,31.7905,667.6005,20-01-2023,16:30,Cash,7.9
INV000436,B,Mandalay,Normal,Female,Fashion accessories,23.93,10,11.965,251.265,20-01-2023,21:32,Credit card,6.3
INV000437,C,Naypyitaw,Member,Male,Home and lifestyle,86.67,10,43.335,910.035,20-01-2023,04:59,Credit card,7.3
INV000438,C,Naypyitaw,Member,Male,Electronic accessories,50.12,1,2.506,52.626,20-01-2023,06:23,Cash,7.2
INV000439,C,Naypyitaw,Normal,Male,Health and beauty,57.06,5,14.265,299.565,20-01-2023,23:21,Ewallet,7.9
INV000440,B,Mandalay,Member,Male,Sports and travel,51.08,7,17.878,375.438,20-01-2023,13:57,Credit card,8.6
INV000441,B,Mandalay,Member,Female,Health and beauty,51.3,6,15.39,323.19,21-01-2023,18:13,Cash,9.3
INV000442,B,Mandalay,Normal,Female,Electronic accessories,79.76,9,35.892,753.732,21-01-2023,00:55,Ewallet,7.1
INV000443,B,Mandalay,Member,Male,Fashion accessories,18.4,8,7.36,154.56,21-01-2023,05:30,Credit card,8.2
INV000444,B,Mandalay,Normal,Female,Home and lifestyle,93.09,10,46.545,977.445,21-01-2023,06:04,Cash,7.4
INV000445,A,Yangon,Member,Male,Sports and travel,89.36,5,22.34,469.14,21-01-2023,08:18,Cash,4.1
INV000446,A,Yangon,Member,Female,Fashion accessories,11.53,8,4.612,96.852,21-01-2023,01:53,Credit card,5.9
INV000447,A,Yangon,Normal,Female,Home and lifestyle,93.52,5,23.38,490.98,21-01-2023,19:08,Cash,7.5
INV000448,B,Mandalay,Normal,Male,Electronic accessories,72.96,9,32.832,689.472,21-01-2023,21:39,Cash,9.2
INV000449,C,Naypyitaw,Member,Female,Food and beverages,66.34,5,16.585,348.285,21-01-2023,12:59,Cash,9.2
INV000450,C,Naypyitaw,Normal,Female,Home and lifestyle,94.48,2,9.448,198.408,21-01-2023,19:38,Cash,6.2
INV000451,B,Mandalay,Member,Male,Health and beauty,67.34,9,30.303,636.363,21-01-2023,16:40,Ewallet,7.3
INV000452,B,Mandalay,Normal,Male,Sports and travel,13.77,2,1.377,28.917,21-01-2023,15:42,Cash,9.7
INV000453,A,Yangon,Normal,Male,Home and lifestyle,72.27,8,28.908,607.068,21-01-2023,19:01,Cash,9.5
INV000454,C,Naypyitaw,Normal,Male,Food and beverages,62.02,1,3.101,65.121,21-01-2023,12:21,Cash,4.5
INV000455,B,Mandalay,Member,Male,Fashion accessories,72.53,8,29.012,609.252,21-01-2023,16:25,Ewallet,7.6
INV000456,B,Mandalay,Normal,Female,Home and lifestyle,28.8,8,11.52,241.92,21-01-2023,15:43,Cash,8.8
INV000457,B,Mandalay,Member,Male,Sports and travel,29.24,1,1.462,30.702,21-01-2023,20:46,Credit card,6.8
INV000458,B,Mandalay,Member,Female,Sports and travel,15.96,7,5.586,117.306,21-01-2023,21:31,Credit card,9.1
INV000459,B,Mandalay,Member,Male,Electronic accessories,16.32,10,8.16,171.36,21-01-2023,12:42,Cash,5.6
INV000460,A,Yangon,Member,Male,Sports and travel,96.6,9,43.47,912.87,21-01-2023,09:43,Cash,5.7
INV000461,B,Mandalay,Member,Female,Food and beverages,30.69,10,15.345,322.245,21-01-2023,00:38,Cash,6.1
INV000462,A,Yangon,Normal,Female,Fashion accessories,89.94,2,8.994,188.874,21-01-2023,02:45,Credit card,4.9
INV000463,A,Yangon,Member,Male,Home and lifestyle,60.14,5,15.035,315.735,22-01-2023,03:11,Cash,7.0
INV000464,A,Yangon,Normal,Female,Sports and travel,53.42,1,2.671,56.091,22-01-2023,18:08,Cash,5.8
INV000465,B,Mandalay,Member,Female,Electronic accessories,50.8,9,22.86,480.06,22-01-2023,11:27,Cash,10.0
INV000466,C,Naypyitaw,Member,Male,Food and beverages,98.06,9,44.127,926.667,22-01-2023,00:39,Cash,5.2
INV000467,C,Naypyitaw,Normal,Male,Sports and travel,53.0,3,7.95,166.95,22-01-2023,07:23,Cash,9.2
INV000468,C,Naypyitaw,Member,Female,Home and lifestyle,77.86,8,31.144,654.024,22-01-2023,14:36,Credit card,5.1
INV000469,C,Naypyitaw,Normal,Female,Fashion accessories,67.38,4,13.476,282.996,22-01-2023,18:15,Cash,8.0
INV000470,A,Yangon,Normal,Female,Food and beverages,34.8,3,5.22,109.62,22-01-2023,21:00,Cash,9.4
INV000471,C,Naypyitaw,Normal,Male,Fashion accessories,22.73,3,3.4095,71.5995,22-01-2023,15:05,Cash,4.5
INV000472,C,Naypyitaw,Normal,Male,Food and beverages,25.59,9,11.5155,241.8255,22-01-2023,19:10,Ewallet,5.3
INV000473,B,Mandalay,Member,Female,Sports and travel,10.06,10,5.03,105.63,22-01-2023,04:35,Cash,5.4
INV000474,A,Yangon,Normal,Male,Health and beauty,36.16,8,14.464,303.744,22-01-2023,01:48,Credit card,7.7
INV000475,B,Mandalay,Normal,Male,Food and beverages,51.5,9,23.175,486.675,22-01-2023,21:35,Cash,8.6
INV000476,C,Naypyitaw,Normal,Male,Electronic accessories,45.41,2,4.541,95.361,22-01-2023,13:00,Cash,8.6
INV000477,A,Yangon,Normal,Male,Sports and travel,69.63,4,13.926,292.446,22-01-2023,11:53,Credit card,4.7
INV000478,C,Naypyitaw,Member,Male,Sports and travel,92.63,1,4.6315,97.2615,22-01-2023,17:47,Ewallet,6.7
INV000479,A,Yangon,Member,Male,Food and beverages,19.93,9,8.9685,188.3385,22-01-2023,15:03,Ewallet,5.0
INV000480,C,Naypyitaw,Normal,Female,Home and lifestyle,76.82,1,3.841,80.661,22-01-2023,06:55,Cash,9.1
INV000481,B,Mandalay,Normal,Female,Electronic accessories,38.31,3,5.7465,120.6765,22-01-2023,13:41,Ewallet,5.7
INV000482,C,Naypyitaw,Member,Male,Home and lifestyle,36.15,8,14.46,303.66,22-01-2023,14:30,Ewallet,7.7
INV000483,B,Mandalay,Member,Female,Fashion accessories,94.3,3,14.145,297.045,22-01-2023,21:07,Credit card,5.7
INV000484,A,Yangon,Normal,Female,Electronic accessories,73.73,9,33.1785,696.7485,22-01-2023,20:51,Cash,9.9
INV000485,A,Yangon,Member,Female,Home and lifestyle,85.61,10,42.805,898.905,23-01-2023,03:29,Credit card,7.2
INV000486,B,Mandalay,Normal,Female,Sports and travel,27.67,9,12.4515,261.4815,23-01-2023,06:06,Ewallet,7.6
INV000487,A,Yangon,Normal,Male,Electronic accessories,26.86,8,10.744,225.624,23-01-2023,08:29,Ewallet,9.4
INV000488,C,Naypyitaw,Member,Male,Home and lifestyle,36.19,3,5.4285,113.9985,23-01-2023,21:46,Ewallet,4.0
INV000489,A,Yangon,Normal,Female,Electronic accessories,86.2,2,8.62,181.02,23-01-2023,14:11,Credit card,5.8
INV000490,A,Yangon,Member,Female,Health and beauty,74.94,3,11.241,236.061,23-01-2023,23:21,Cash,9.2
INV000491,B,Mandalay,Member,Male,Health and beauty,20.41,10,10.205,214.305,23-01-2023,04:09,Ewallet,8.4
INV000492,C,Naypyitaw,Normal,Female,Food and beverages,41.61,7,14.5635,305.8335,23-01-2023,01:30,Credit card,8.9
INV000493,C,Naypyitaw,Normal,Male,Electronic accessories,59.89,4,11.978,251.538,23-01-2023,16:48,Ewallet,5.5
INV000494,B,Mandalay,Member,Male,Food and beverages,20.57,6,6.171,129.591,23-01-2023,20:20,Ewallet,7.6
INV000495,B,Mandalay,Member,Female,Home and lifestyle,57.37,7,20.0795,421.6695,23-01-2023,11:56,Cash,5.8
INV000496,B,Mandalay,Normal,Female,Fashion accessories,33.11,10,16.555,347.655,23-01-2023,11:13,Ewallet,4.3
INV000497,B,Mandalay,Member,Female,Food and beverages,64.64,1,3.232,67.872,23-01-2023,12:40,Cash,6.2
INV000498,B,Mandalay,Normal,Female,Home and lifestyle,41.22,8,16.488,346.248,23-01-2023,11:41,Credit card,6.0
INV000499,A,Yangon,Member,Male,Fashion accessories,91.25,3,13.6875,287.4375,23-01-2023,06:05,Ewallet,4.8
INV000500,C,Naypyitaw,Normal,Male,Health and beauty,34.54,8,13.816,290.136,23-01-2023,11:14,Ewallet,8.1
INV000501,A,Yangon,Member,Female,Electronic accessories,93.4,10,46.7,980.7,23-01-2023,06:29,Ewallet,7.9
INV000502,B,Mandalay,Normal,Female,Fashion accessories,16.09,7,5.6315,118.2615,23-01-2023,23:42,Cash,9.6
INV000503,C,Naypyitaw,Member,Male,Sports and travel,59.01,10,29.505,619.605,23-01-2023,07:11,Ewallet,5.9
INV000504,C,Naypyitaw,Normal,Female,Health and beauty,49.53,4,9.906,208.026,23-01-2023,19:24,Cash,7.2
INV000505,A,Yangon,Member,Female,Sports and travel,59.51,4,11.902,249.942,23-01-2023,07:08,Ewallet,7.1
INV000506,B,Mandalay,Member,Female,Home and lifestyle,33.35,7,11.6725,245.1225,23-01-2023,16:01,Credit card,9.6
INV000507,B,Mandalay,Normal,Male,Home and lifestyle,18.13,6,5.439,114.219,24-01-2023,10:57,Ewallet,8.7
INV000508,C,Naypyitaw,Member,Female,Food and beverages,68.57,6,20.571,431.991,24-01-2023,08:13,Ewallet,8.6
INV000509,C,Naypyitaw,Member,Male,Electronic accessories,55.75,5,13.9375,292.6875,24-01-2023,20:25,Cash,6.0
INV000510,A,Yangon,Member,Male,Home and lifestyle,97.07,4,19.414,407.694,24-01-2023,15:58,Cash,8.4
INV000511,C,Naypyitaw,Normal,Female,Home and lifestyle,94.26,4,18.852,395.892,24-01-2023,02:29,Credit card,5.6
INV000512,B,Mandalay,Member,Female,Sports and travel,68.7,1,3.435,72.135,24-01-2023,01:52,Ewallet,5.2
INV000513,A,Yangon,Normal,Male,Sports and travel,58.63,9,26.3835,554.0535,24-01-2023,15:23,Ewallet,7.4
INV000514,C,Naypyitaw,Normal,Female,Health and beauty,71.45,7,25.0075,525.1575,24-01-2023,10:38,Ewallet,8.0
INV000515,C,Naypyitaw,Member,Male,Home and lifestyle,12.11,5,3.0275,63.5775,24-01-2023,20:37,Credit card,4.8
INV000516,A,Yangon,Normal,Female,Health and beauty,47.35,6,14.205,298.305,24-01-2023,16:58,Ewallet,7.4
INV000517,C,Naypyitaw,Member,Female,Fashion accessories,79.56,10,39.78,835.38,24-01-2023,01:15,Cash,7.4
INV000518,A,Yangon,Member,Male,Home and lifestyle,60.38,8,24.152,507.192,24-01-2023,21:26,Ewallet,7.1
INV000519,A,Yangon,Member,Male,Fashion accessories,24.54,1,1.227,25.767,24-01-2023,06:15,Ewallet,4.5
INV000520,A,Yangon,Member,Female,Food and beverages,65.75,5,16.4375,345.1875,24-01-2023,15:25,Ewallet,6.0
INV000521,C,Naypyitaw,Normal,Male,Food and beverages,74.75,4,14.95,313.95,24-01-2023,07:40,Cash,8.8
INV000522,B,Mandalay,Member,Female,Health and beauty,33.87,4,6.774,142.254,24-01-2023,15:17,Ewallet,5.0
INV000523,B,Mandalay,Normal,Male,Electronic accessories,27.22,6,8.166,171.486,24-01-2023,03:40,Ewallet,6.0
INV000524,A,Yangon,Member,Male,Home and lifestyle,67.68,4,13.536,284.256,24-01-2023,03:58,Credit card,4.8
INV000525,C,Naypyitaw,Member,Male,Sports and travel,68.42,5,17.105,359.205,24-01-2023,04:37,Cash,5.6
INV000526,A,Yangon,Normal,Female,Sports and travel,96.98,3,14.547,305.487,24-01-2023,07:20,Cash,7.8
INV000527,B,Mandalay,Normal,Male,Sports and travel,49.73,2,4.973,104.433,24-01-2023,05:15,Cash,7.0
INV000528,C,Naypyitaw,Member,Male,Home and lifestyle,34.83,7,12.1905,256.0005,24-01-2023,05:40,Credit card,4.1
INV000529,B,Mandalay,Member,Male,Home and lifestyle,98.28,1,4.914,103.194,25-01-2023,09:18,Ewallet,8.6
INV000530,A,Yangon,Normal,Female,Home and lifestyle,21.21,8,8.484,178.164,25-01-2023,13:37,Cash,9.1
INV000531,A,Yangon,Normal,Male,Fashion accessories,63.68,2,6.368,133.728,25-01-2023,22:19,Ewallet,6.3
INV000532,A,Yangon,Member,Female,Sports and travel,93.93,1,4.6965,98.6265,25-01-2023,14:04,Cash,7.9
INV000533,A,Yangon,Normal,Male,Fashion accessories,20.86,2,2.086,43.806,25-01-2023,06:02,Ewallet,10.0
INV000534,A,Yangon,Normal,Female,Health and beauty,51.41,9,23.1345,485.8245,25-01-2023,08:41,Ewallet,5.6
INV000535,A,Yangon,Normal,Male,Home and lifestyle,58.78,8,23.512,493.752,25-01-2023,15:22,Cash,8.8
INV000536,C,Naypyitaw,Normal,Male,Sports and travel,24.77,7,8.6695,182.0595,25-01-2023,04:39,Cash,7.3
INV000537,B,Mandalay,Member,Female,Electronic accessories,46.19,8,18.476,387.996,25-01-2023,00:35,Credit card,8.4
INV000538,B,Mandalay,Normal,Female,Health and beauty,37.4,4,7.48,157.08,25-01-2023,02:27,Credit card,5.8
INV000539,A,Yangon,Member,Male,Food and beverages,68.9,8,27.56,578.76,25-01-2023,11:49,Cash,9.4
INV000540,B,Mandalay,Member,Female,Sports and travel,92.26,6,27.678,581.238,25-01-2023,08:14,Cash,5.9
INV000541,B,Mandalay,Normal,Female,Home and lifestyle,36.59,1,1.8295,38.4195,25-01-2023,21:08,Credit card,6.1
INV000542,A,Yangon,Member,Male,Food and beverages,95.23,3,14.2845,299.9745,25-01-2023,20:24,Cash,8.9
INV000543,C,Naypyitaw,Normal,Male,Sports and travel,30.09,8,12.036,252.756,25-01-2023,21:10,Cash,4.8
INV000544,A,Yangon,Normal,Female,Home and lifestyle,57.34,10,28.67,602.07,25-01-2023,08:47,Credit card,7.5
INV000545,B,Mandalay,Member,Male,Health and beauty,45.84,4,9.168,192.528,25-01-2023,22:29,Cash,8.2
INV000546,C,Naypyitaw,Normal,Male,Home and lifestyle,20.64,4,4.128,86.688,25-01-2023,04:35,Credit card,9.2
INV000547,C,Naypyitaw,Normal,Male,Home and lifestyle,26.61,9,11.9745,251.4645,25-01-2023,18:29,Ewallet,7.0
INV000548,B,Mandalay,Member,Female,Sports and travel,59.04,10,29.52,619.92,25-01-2023,10:26,Cash,7.5
INV000549,C,Naypyitaw,Member,Male,Home and lifestyle,62.12,7,21.742,456.582,25-01-2023,11:05,Ewallet,9.6
INV000550,C,Naypyitaw,Member,Female,Fashion accessories,63.27,1,3.1635,66.4335,25-01-2023,20:43,Credit card,8.9
INV000551,C,Naypyitaw,Normal,Female,Home and lifestyle,90.79,4,18.158,381.318,26-01-2023,10:51,Ewallet,9.5
INV000552,A,Yangon,Member,Male,Food and beverages,78.22,6,23.466,492.786,26-01-2023,01:55,Cash,6.4
INV000553,B,Mandalay,Member,Male,Sports and travel,93.19,7,32.6165,684.9465,26-01-2023,07:08,Ewallet,7.5
INV000554,B,Mandalay,Member,Female,Food and beverages,40.2,4,8.04,168.84,26-01-2023,13:01,Ewallet,7.9
INV000555,B,Mandalay,Member,Female,Sports and travel,45.66,8,18.264,383.544,26-01-2023,20:40,Cash,6.3
INV000556,C,Naypyitaw,Member,Female,Electronic accessories,15.47,7,5.4145,113.7045,26-01-2023,03:36,Credit card,7.9
INV000557,B,Mandalay,Member,Female,Health and beauty,63.56,2,6.356,133.476,26-01-2023,12:21,Credit card,5.8
INV000558,A,Yangon,Normal,Female,Health and beauty,65.18,6,19.554,410.634,26-01-2023,12:09,Ewallet,4.3
INV000559,C,Naypyitaw,Member,Female,Food and beverages,32.63,4,6.526,137.046,26-01-2023,12:35,Ewallet,7.4
INV000560,B,Mandalay,Member,Female,Food and beverages,22.77,4,4.554,95.634,26-01-2023,07:00,Ewallet,9.6
INV000561,B,Mandalay,Normal,Female,Fashion accessories,17.14,2,1.714,35.994,26-01-2023,01:47,Credit card,6.2
INV000562,A,Yangon,Member,Male,Health and beauty,38.76,10,19.38,406.98,26-01-2023,09:58,Ewallet,6.4
INV000563,C,Naypyitaw,Normal,Male,Food and beverages,47.62,5,11.905,250.005,26-01-2023,00:32,Ewallet,8.7
INV000564,C,Naypyitaw,Member,Female,Food and beverages,11.15,1,0.5575,11.7075,26-01-2023,12:26,Ewallet,6.6
INV000565,C,Naypyitaw,Member,Female,Electronic accessories,63.35,2,6.335,133.035,26-01-2023,07:01,Ewallet,6.7
INV000566,A,Yangon,Normal,Female,Home and lifestyle,62.33,1,3.1165,65.4465,26-01-2023,18:41,Credit card,7.3
INV000567,B,Mandalay,Normal,Male,Health and beauty,11.3,7,3.955,83.055,26-01-2023,23:55,Cash,4.1
INV000568,C,Naypyitaw,Member,Female,Food and beverages,63.79,10,31.895,669.795,26-01-2023,17:56,Cash,5.4
INV000569,C,Naypyitaw,Member,Male,Home and lifestyle,24.54,3,3.681,77.301,26-01-2023,12:57,Ewallet,6.3
INV000570,A,Yangon,Member,Male,Food and beverages,53.01,8,21.204,445.284,26-01-2023,08:39,Credit card,4.9
INV000571,C,Naypyitaw,Member,Male,Food and beverages,98.52,9,44.334,931.014,26-01-2023,05:33,Credit card,4.3
INV000572,A,Yangon,Member,Male,Fashion accessories,58.17,5,14.5425,305.3925,26-01-2023,00:00,Ewallet,7.5
INV000573,C,Naypyitaw,Member,Female,Sports and travel,97.58,10,48.79,1024.59,27-01-2023,23:11,Cash,5.0
INV000574,A,Yangon,Normal,Male,Home and lifestyle,14.18,2,1.418,29.778,27-01-2023,22:18,Ewallet,8.0
INV000575,C,Naypyitaw,Member,Male,Health and beauty,46.97,4,9.394,197.274,27-01-2023,12:11,Ewallet,5.1
INV000576,A,Yangon,Normal,Female,Fashion accessories,74.85,7,26.1975,550.1475,27-01-2023,10:05,Cash,5.0
INV000577,A,Yangon,Normal,Female,Electronic accessories,62.31,2,6.231,130.851,27-01-2023,02:54,Credit card,4.4
INV000578,A,Yangon,Member,Male,Home and lifestyle,98.33,5,24.5825,516.2325,27-01-2023,08:57,Credit card,9.0
INV000579,A,Yangon,Member,Male,Home and lifestyle,97.06,7,33.971,713.391,27-01-2023,21:38,Ewallet,8.4
INV000580,C,Naypyitaw,Normal,Male,Sports and travel,81.57,1,4.0785,85.6485,27-01-2023,17:40,Cash,4.8
INV000581,C,Naypyitaw,Normal,Male,Fashion accessories,56.25,6,16.875,354.375,27-01-2023,11:01,Ewallet,8.1
INV000582,C,Naypyitaw,Member,Female,Fashion accessories,88.28,8,35.312,741.552,27-01-2023,01:24,Credit card,5.2
INV000583,C,Naypyitaw,Normal,Male,Home and lifestyle,47.24,2,4.724,99.204,27-01-2023,20:48,Cash,5.2
INV000584,A,Yangon,Member,Female,Home and lifestyle,83.65,3,12.5475,263.4975,27-01-2023,11:21,Cash,4.3
INV000585,B,Mandalay,Member,Male,Food and beverages,46.7,5,11.675,245.175,27-01-2023,18:33,Cash,4.8
INV000586,C,Naypyitaw,Member,Female,Food and beverages,15.42,9,6.939,145.719,27-01-2023,00:57,Ewallet,7.0
INV000587,A,Yangon,Normal,Male,Home and lifestyle,62.05,8,24.82,521.22,27-01-2023,12:50,Ewallet,6.8
INV000588,A,Yangon,Normal,Male,Sports and travel,46.26,3,6.939,145.719,27-01-2023,11:41,Cash,5.7
INV000589,C,Naypyitaw,Member,Female,Health and beauty,38.13,3,5.7195,120.1095,27-01-2023,12:02,Cash,5.8
INV000590,A,Yangon,Member,Male,Electronic accessories,26.12,8,10.448,219.408,27-01-2023,23:45,Ewallet,7.3
INV000591,C,Naypyitaw,Member,Female,Health and beauty,17.26,7,6.041,126.861,27-01-2023,04:46,Ewallet,7.1
INV000592,A,Yangon,Member,Female,Food and beverages,82.26,4,16.452,345.492,27-01-2023,03:10,Credit card,5.9
INV000593,A,Yangon,Member,Male,Home and lifestyle,59.61,5,14.9025,312.9525,27-01-2023,04:06,Cash,8.8
INV000594,B,Mandalay,Normal,Female,Electronic accessories,75.5,9,33.975,713.475,27-01-2023,17:11,Cash,5.9
INV000595,A,Yangon,Member,Male,Home and lifestyle,90.39,10,45.195,949.095,28-01-2023,19:47,Cash,8.0
INV000596,A,Yangon,Normal,Female,Electronic accessories,70.56,7,24.696,518.616,28-01-2023,19:34,Cash,6.2
INV000597,B,Mandalay,Member,Male,Electronic accessories,39.24,7,13.734,288.414,28-01-2023,03:28,Ewallet,9.8
INV000598,C,Naypyitaw,Normal,Male,Fashion accessories,42.66,3,6.399,134.379,28-01-2023,09:53,Ewallet,5.9
INV000599,C,Naypyitaw,Member,Female,Home and lifestyle,56.58,8,22.632,475.272,28-01-2023,23:04,Cash,8.5
INV000600,B,Mandalay,Normal,Male,Home and lifestyle,95.11,7,33.2885,699.0585,28-01-2023,07:46,Credit card,9.4
INV000601,A,Yangon,Normal,Female,Sports and travel,63.4,3,9.51,199.71,28-01-2023,21:36,Ewallet,9.2
INV000602,B,Mandalay,Normal,Male,Fashion accessories,71.44,7,25.004,525.084,28-01-2023,02:13,Cash,6.0
INV000603,C,Naypyitaw,Normal,Female,Home and lifestyle,37.24,3,5.586,117.306,28-01-2023,18:18,Credit card,4.8
INV000604,B,Mandalay,Member,Female,Fashion accessories,93.98,3,14.097,296.037,28-01-2023,18:55,Ewallet,9.2
INV000605,A,Yangon,Normal,Male,Fashion accessories,32.46,3,4.869,102.249,28-01-2023,03:56,Ewallet,8.3
INV000606,C,Naypyitaw,Normal,Female,Health and beauty,83.03,10,41.515,871.815,28-01-2023,11:29,Cash,7.5
INV000607,A,Yangon,Member,Female,Food and beverages,97.33,3,14.5995,306.5895,28-01-2023,06:11,Credit card,6.4
INV000608,C,Naypyitaw,Normal,Male,Health and beauty,37.08,4,7.416,155.736,28-01-2023,11:02,Cash,5.8
INV000609,A,Yangon,Member,Male,Electronic accessories,66.19,8,26.476,555.996,28-01-2023,06:26,Cash,9.2
INV000610,A,Yangon,Normal,Male,Fashion accessories,91.12,1,4.556,95.676,28-01-2023,09:05,Cash,6.1
INV000611,C,Naypyitaw,Normal,Female,Food and beverages,12.96,9,5.832,122.472,28-01-2023,09:09,Ewallet,6.4
INV000612,C,Naypyitaw,Member,Male,Fashion accessories,46.95,5,11.7375,246.4875,28-01-2023,12:36,Credit card,9.4
INV000613,B,Mandalay,Normal,Male,Health and beauty,34.64,7,12.124,254.604,28-01-2023,02:09,Credit card,8.0
INV000614,B,Mandalay,Member,Male,Food and beverages,33.1,3,4.965,104.265,28-01-2023,19:48,Ewallet,6.5
INV000615,A,Yangon,Member,Female,Fashion accessories,85.11,6,25.533,536.193,28-01-2023,11:13,Ewallet,4.7
INV000616,A,Yangon,Normal,Male,Health and beauty,72.8,4,14.56,305.76,28-01-2023,21:23,Ewallet,4.4
INV000617,B,Mandalay,Normal,Female,Health and beauty,76.69,6,23.007,483.147,29-01-2023,05:17,Ewallet,4.3
INV000618,A,Yangon,Member,Male,Electronic accessories,50.25,1,2.5125,52.7625,29-01-2023,03:48,Cash,8.9
INV000619,B,Mandalay,Normal,Female,Home and lifestyle,12.82,2,1.282,26.922,29-01-2023,13:45,Ewallet,8.8
INV000620,A,Yangon,Normal,Female,Fashion accessories,79.64,4,15.928,334.488,29-01-2023,08:13,Cash,9.2
INV000621,A,Yangon,Normal,Male,Home and lifestyle,39.0,10,19.5,409.5,29-01-2023,11:30,Ewallet,9.4
INV000622,A,Yangon,Normal,Female,Health and beauty,22.19,7,7.7665,163.0965,29-01-2023,01:22,Cash,4.4
INV000623,A,Yangon,Member,Male,Fashion accessories,97.0,3,14.55,305.55,29-01-2023,07:04,Cash,9.0
INV000624,A,Yangon,Normal,Female,Health and beauty,38.0,7,13.3,279.3,29-01-2023,16:24,Credit card,9.5
INV000625,B,Mandalay,Member,Male,Sports and travel,11.85,2,1.185,24.885,29-01-2023,14:56,Credit card,7.3
INV000626,A,Yangon,Normal,Male,Food and beverages,86.51,6,25.953,545.013,29-01-2023,08:57,Cash,8.6
INV000627,B,Mandalay,Normal,Male,Home and lifestyle,89.05,5,22.2625,467.5125,29-01-2023,22:30,Cash,9.3
INV000628,B,Mandalay,Normal,Female,Home and lifestyle,72.38,2,7.238,151.998,29-01-2023,02:04,Cash,9.0
INV000629,C,Naypyitaw,Member,Male,Fashion accessories,20.52,10,10.26,215.46,29-01-2023,20:21,Credit card,5.3
INV000630,A,Yangon,Normal,Male,Sports and travel,96.3,1,4.815,101.115,29-01-2023,16:14,Cash,9.1
INV000631,A,Yangon,Normal,Female,Electronic accessories,19.67,7,6.8845,144.5745,29-01-2023,13:25,Cash,8.7
INV000632,C,Naypyitaw,Normal,Male,Food and beverages,23.0,9,10.35,217.35,29-01-2023,11:20,Credit card,9.3
INV000633,C,Naypyitaw,Normal,Male,Health and beauty,39.8,4,7.96,167.16,29-01-2023,08:37,Ewallet,4.9
INV000634,C,Naypyitaw,Normal,Female,Sports and travel,21.77,10,10.885,228.585,29-01-2023,20:14,Cash,7.4
INV000635,B,Mandalay,Normal,Female,Fashion accessories,83.34,1,4.167,87.507,29-01-2023,03:06,Credit card,5.1
INV000636,A,Yangon,Normal,Male,Health and beauty,70.86,6,21.258,446.418,29-01-2023,07:26,Cash,9.1
INV000637,B,Mandalay,Member,Male,Fashion accessories,27.99,8,11.196,235.116,29-01-2023,06:05,Ewallet,4.5
INV000638,B,Mandalay,Member,Male,Sports and travel,20.97,9,9.4365,198.1665,29-01-2023,13:55,Credit card,5.0
INV000639,B,Mandalay,Member,Male,Food and beverages,58.65,7,20.5275,431.0775,30-01-2023,15:24,Cash,7.2
INV000640,A,Yangon,Member,Male,Food and beverages,39.18,9,17.631,370.251,30-01-2023,17:17,Credit card,6.0
INV000641,B,Mandalay,Normal,Female,Home and lifestyle,14.85,5,3.7125,77.9625,30-01-2023,04:06,Credit card,9.5
INV000642,C,Naypyitaw,Member,Female,Health and beauty,49.59,5,12.3975,260.3475,30-01-2023,19:14,Ewallet,9.5
INV000643,C,Naypyitaw,Normal,Male,Home and lifestyle,48.6,7,17.01,357.21,30-01-2023,11:05,Cash,8.8
INV000644,B,Mandalay,Normal,Female,Sports and travel,81.65,6,24.495,514.395,30-01-2023,19:12,Ewallet,6.4
INV000645,B,Mandalay,Member,Male,Sports and travel,65.11,4,13.022,273.462,30-01-2023,22:39,Cash,5.3
INV000646,A,Yangon,Normal,Male,Electronic accessories,12.39,4,2.478,52.038,30-01-2023,16:02,Credit card,8.3
INV000647,B,Mandalay,Member,Female,Health and beauty,89.92,1,4.496,94.416,30-01-2023,13:00,Cash,8.1
INV000648,C,Naypyitaw,Normal,Female,Sports and travel,14.79,10,7.395,155.295,30-01-2023,01:26,Ewallet,8.0
INV000649,B,Mandalay,Normal,Female,Sports and travel,74.8,3,11.22,235.62,30-01-2023,20:06,Credit card,8.6
INV000650,B,Mandalay,Normal,Female,Sports and travel,67.71,6,20.313,426.573,30-01-2023,20:15,Ewallet,4.6
INV000651,B,Mandalay,Normal,Male,Home and lifestyle,27.06,3,4.059,85.239,30-01-2023,01:23,Credit card,4.5
INV000652,B,Mandalay,Normal,Male,Home and lifestyle,24.73,7,8.6555,181.7655,30-01-2023,21:56,Ewallet,4.8
INV000653,A,Yangon,Normal,Female,Food and beverages,84.45,6,25.335,532.035,30-01-2023,07:51,Credit card,5.8
INV000654,A,Yangon,Normal,Female,Sports and travel,18.25,2,1.825,38.325,30-01-2023,19:52,Credit card,4.6
INV000655,B,Mandalay,Normal,Male,Sports and travel,15.1,10,7.55,158.55,30-01-2023,23:40,Credit card,8.3
INV000656,B,Mandalay,Normal,Male,Electronic accessories,20.81,10,10.405,218.505,30-01-2023,14:25,Ewallet,6.0
INV000657,C,Naypyitaw,Member,Female,Health and beauty,46.3,10,23.15,486.15,30-01-2023,10:35,Cash,5.2
INV000658,B,Mandalay,Member,Male,Electronic accessories,48.83,6,14.649,307.629,30-01-2023,16:20,Credit card,4.8
INV000659,A,Yangon,Normal,Male,Health and beauty,39.18,6,11.754,246.834,30-01-2023,21:57,Ewallet,6.8
INV000660,A,Yangon,Normal,Female,Fashion accessories,59.2,2,5.92,124.32,30-01-2023,21:57,Cash,4.5
INV000661,B,Mandalay,Normal,Male,Health and beauty,31.06,8,12.424,260.904,31-01-2023,13:20,Cash,4.4
INV000662,A,Yangon,Normal,Female,Electronic accessories,27.35,9,12.3075,258.4575,31-01-2023,20:03,Cash,9.9
INV000663,C,Naypyitaw,Normal,Male,Sports and travel,47.82,7,16.737,351.477,31-01-2023,07:56,Credit card,7.3
INV000664,B,Mandalay,Member,Male,Health and beauty,45.0,4,9.0,189.0,31-01-2023,07:14,Cash,7.4
INV000665,A,Yangon,Member,Male,Fashion accessories,42.65,10,21.325,447.825,31-01-2023,05:42,Credit card,9.8
INV000666,B,Mandalay,Normal,Male,Food and beverages,72.38,4,14.476,303.996,31-01-2023,17:45,Cash,6.7
INV000667,C,Naypyitaw,Normal,Female,Health and beauty,18.51,2,1.851,38.871,31-01-2023,16:56,Cash,9.5
INV000668,C,Naypyitaw,Normal,Male,Home and lifestyle,40.55,10,20.275,425.775,31-01-2023,10:15,Cash,7.1
INV000669,A,Yangon,Member,Female,Electronic accessories,43.55,6,13.065,274.365,31-01-2023,16:11,Ewallet,8.1
INV000670,B,Mandalay,Normal,Female,Fashion accessories,78.2,5,19.55,410.55,31-01-2023,23:40,Cash,9.4
INV000671,C,Naypyitaw,Member,Female,Electronic accessories,52.39,7,18.3365,385.0665,31-01-2023,17:43,Cash,5.8
INV000672,C,Naypyitaw,Member,Female,Health and beauty,28.6,10,14.3,300.3,31-01-2023,15:56,Ewallet,6.0
INV000673,C,Naypyitaw,Member,Male,Food and beverages,21.6,4,4.32,90.72,31-01-2023,10:15,Cash,4.1
INV000674,A,Yangon,Member,Male,Health and beauty,17.72,5,4.43,93.03,31-01-2023,15:49,Cash,7.7
INV000675,A,Yangon,Normal,Female,Food and beverages,49.63,10,24.815,521.115,31-01-2023,09:49,Ewallet,6.6
INV000676,C,Naypyitaw,Member,Male,Food and beverages,92.72,10,46.36,973.56,31-01-2023,06:16,Ewallet,5.9
INV000677,C,Naypyitaw,Member,Female,Sports and travel,94.96,2,9.496,199.416,31-01-2023,14:07,Credit card,9.9
INV000678,C,Naypyitaw,Normal,Male,Health and beauty,87.39,2,8.739,183.519,31-01-2023,15:38,Credit card,5.3
INV000679,A,Yangon,Normal,Female,Food and beverages,64.13,2,6.413,134.673,31-01-2023,20:30,Ewallet,9.5
INV000680,A,Yangon,Member,Male,Electronic accessories,20.52,8,8.208,172.368,31-01-2023,19:53,Cash,4.1
INV000681,A,Yangon,Normal,Female,Health and beauty,35.13,4,7.026,147.546,31-01-2023,03:18,Ewallet,9.6
INV000682,A,Yangon,Normal,Male,Home and lifestyle,55.79,7,19.5265,410.0565,31-01-2023,11:28,Credit card,7.5
INV000683,B,Mandalay,Normal,Female,Fashion accessories,44.36,4,8.872,186.312,01-02-2023,11:46,Cash,4.5
INV000684,B,Mandalay,Member,Male,Sports and travel,58.92,8,23.568,494.928,01-02-2023,11:47,Credit card,5.2
INV000685,B,Mandalay,Normal,Male,Sports and travel,37.71,5,9.4275,197.9775,01-02-2023,19:28,Cash,9.1
INV000686,A,Yangon,Member,Female,Sports and travel,36.51,4,7.302,153.342,01-02-2023,00:18,Cash,5.4
INV000687,A,Yangon,Member,Female,Electronic accessories,40.53,10,20.265,425.565,01-02-2023,16:31,Cash,5.1
INV000688,B,Mandalay,Member,Female,Home and lifestyle,97.55,3,14.6325,307.2825,01-02-2023,23:48,Ewallet,8.3
INV000689,A,Yangon,Member,Male,Health and beauty,11.94,5,2.985,62.685,01-02-2023,18:01,Ewallet,6.8
INV000690,C,Naypyitaw,Member,Male,Home and lifestyle,79.73,1,3.9865,83.7165,01-02-2023,16:55,Credit card,6.6
INV000691,C,Naypyitaw,Member,Female,Fashion accessories,90.89,7,31.8115,668.0415,01-02-2023,03:38,Cash,9.6
INV000692,B,Mandalay,Normal,Female,Fashion accessories,34.8,5,8.7,182.7,01-02-2023,10:31,Cash,5.9
INV000693,B,Mandalay,Normal,Male,Health and beauty,62.3,10,31.15,654.15,01-02-2023,04:36,Cash,6.7
INV000694,B,Mandalay,Member,Male,Sports and travel,38.16,2,3.816,80.136,01-02-2023,20:07,Credit card,9.7
INV000695,A,Yangon,Normal,Male,Health and beauty,10.55,2,1.055,22.155,01-02-2023,04:34,Credit card,4.5
INV000696,A,Yangon,Normal,Female,Health and beauty,11.26,2,1.126,23.646,01-02-2023,09:34,Cash,8.5
INV000697,A,Yangon,Normal,Female,Home and lifestyle,31.07,7,10.8745,228.3645,01-02-2023,07:03,Ewallet,9.9
INV000698,B,Mandalay,Member,Female,Food and beverages,30.23,3,4.5345,95.2245,01-02-2023,00:13,Ewallet,4.5
INV000699,C,Naypyitaw,Member,Female,Home and lifestyle,25.17,1,1.2585,26.4285,01-02-2023,10:40,Ewallet,6.6
INV000700,B,Mandalay,Member,Male,Home and lifestyle,61.31,3,9.1965,193.1265,01-02-2023,23:08,Credit card,5.4
INV000701,A,Yangon,Normal,Male,Home and lifestyle,10.81,7,3.7835,79.4535,01-02-2023,14:51,Cash,9.1
INV000702,A,Yangon,Normal,Male,Health and beauty,60.66,8,24.264,509.544,01-02-2023,13:41,Credit card,8.0
INV000703,C,Naypyitaw,Member,Male,Health and beauty,87.17,8,34.868,732.228,01-02-2023,21:18,Cash,7.3
INV000704,C,Naypyitaw,Normal,Male,Sports and travel,38.75,2,3.875,81.375,01-02-2023,03:54,Ewallet,5.6
INV000705,A,Yangon,Member,Male,Sports and travel,83.14,9,37.413,785.673,02-02-2023,00:00,Credit card,4.3
INV000706,B,Mandalay,Normal,Female,Fashion accessories,77.98,7,27.293,573.153,02-02-2023,10:57,Credit card,7.1
INV000707,C,Naypyitaw,Normal,Male,Fashion accessories,10.24,3,1.536,32.256,02-02-2023,21:15,Cash,7.0
INV000708,A,Yangon,Member,Male,Electronic accessories,34.77,2,3.477,73.017,02-02-2023,09:15,Cash,8.9
INV000709,C,Naypyitaw,Member,Male,Fashion accessories,70.27,3,10.5405,221.3505,02-02-2023,08:28,Ewallet,6.1
INV000710,C,Naypyitaw,Normal,Female,Electronic accessories,35.79,1,1.7895,37.5795,02-02-2023,17:55,Ewallet,6.5
INV000711,B,Mandalay,Member,Male,Food and beverages,44.79,4,8.958,188.118,02-02-2023,02:31,Credit card,8.8
INV000712,A,Yangon,Member,Female,Home and lifestyle,33.74,9,15.183,318.843,02-02-2023,21:59,Ewallet,8.5
INV000713,A,Yangon,Normal,Female,Health and beauty,15.42,9,6.939,145.719,02-02-2023,12:49,Ewallet,6.5
INV000714,A,Yangon,Normal,Female,Fashion accessories,37.06,7,12.971,272.391,02-02-2023,13:54,Ewallet,6.7
INV000715,B,Mandalay,Normal,Male,Food and beverages,30.04,5,7.51,157.71,02-02-2023,08:12,Cash,9.5
INV000716,A,Yangon,Normal,Female,Food and beverages,10.18,8,4.072,85.512,02-02-2023,08:36,Cash,8.3
INV000717,A,Yangon,Normal,Female,Electronic accessories,49.57,7,17.3495,364.3395,02-02-2023,18:09,Credit card,4.7
INV000718,C,Naypyitaw,Member,Female,Health and beauty,59.3,7,20.755,435.855,02-02-2023,06:34,Ewallet,5.8
INV000719,C,Naypyitaw,Member,Female,Fashion accessories,65.93,1,3.2965,69.2265,02-02-2023,00:48,Cash,6.8
INV000720,C,Naypyitaw,Member,Female,Fashion accessories,17.25,3,2.5875,54.3375,02-02-2023,07:58,Ewallet,5.6
INV000721,C,Naypyitaw,Normal,Male,Health and beauty,19.19,6,5.757,120.897,02-02-2023,02:42,Cash,7.1
INV000722,C,Naypyitaw,Member,Male,Sports and travel,87.25,4,17.45,366.45,02-02-2023,20:12,Ewallet,4.7
INV000723,A,Yangon,Member,Female,Food and beverages,21.88,5,5.47,114.87,02-02-2023,07:50,Credit card,9.8
INV000724,C,Naypyitaw,Normal,Male,Health and beauty,92.98,6,27.894,585.774,02-02-2023,10:36,Ewallet,6.6
INV000725,C,Naypyitaw,Normal,Male,Sports and travel,68.23,6,20.469,429.849,02-02-2023,20:26,Credit card,9.0
INV000726,B,Mandalay,Normal,Male,Sports and travel,83.14,2,8.314,174.594,02-02-2023,02:02,Cash,4.8
INV000727,C,Naypyitaw,Normal,Male,Home and lifestyle,49.08,3,7.362,154.602,03-02-2023,11:42,Cash,9.0
INV000728,B,Mandalay,Member,Male,Health and beauty,47.99,6,14.397,302.337,03-02-2023,03:08,Credit card,5.7
INV000729,C,Naypyitaw,Normal,Male,Fashion accessories,91.33,3,13.6995,287.6895,03-02-2023,16:09,Cash,8.9
INV000730,B,Mandalay,Normal,Male,Sports and travel,15.08,5,3.77,79.17,03-02-2023,04:30,Cash,4.2
INV000731,C,Naypyitaw,Normal,Male,Food and beverages,49.96,7,17.486,367.206,03-02-2023,12:26,Ewallet,8.0
INV000732,B,Mandalay,Member,Male,Fashion accessories,84.66,8,33.864,711.144,03-02-2023,12:55,Cash,8.0
INV000733,A,Yangon,Member,Female,Food and beverages,77.64,4,15.528,326.088,03-02-2023,04:23,Credit card,6.6
INV000734,C,Naypyitaw,Normal,Male,Fashion accessories,77.34,6,23.202,487.242,03-02-2023,18:27,Ewallet,6.4
INV000735,B,Mandalay,Member,Male,Fashion accessories,14.36,6,4.308,90.468,03-02-2023,02:38,Credit card,6.0
INV000736,C,Naypyitaw,Normal,Female,Food and beverages,12.37,3,1.8555,38.9655,03-02-2023,16:27,Cash,8.5
INV000737,B,Mandalay,Member,Female,Health and beauty,21.22,2,2.122,44.562,03-02-2023,08:56,Credit card,7.7
INV000738,A,Yangon,Normal,Male,Fashion accessories,39.24,6,11.772,247.212,03-02-2023,10:36,Ewallet,8.7
INV000739,A,Yangon,Normal,Female,Sports and travel,69.88,4,13.976,293.496,03-02-2023,18:46,Credit card,5.8
INV000740,A,Yangon,Member,Male,Sports and travel,94.9,9,42.705,896.805,03-02-2023,08:14,Credit card,8.6
INV000741,A,Yangon,Normal,Male,Electronic accessories,53.04,8,21.216,445.536,03-02-2023,08:30,Credit card,9.9
INV000742,A,Yangon,Member,Male,Health and beauty,32.55,9,14.6475,307.5975,03-02-2023,11:44,Credit card,5.9
INV000743,C,Naypyitaw,Member,Female,Home and lifestyle,36.01,7,12.6035,264.6735,03-02-2023,04:56,Ewallet,7.4
INV000744,A,Yangon,Normal,Male,Health and beauty,89.73,5,22.4325,471.0825,03-02-2023,02:55,Cash,9.4
INV000745,A,Yangon,Normal,Female,Food and beverages,94.17,1,4.7085,98.8785,03-02-2023,20:11,Ewallet,5.8
INV000746,A,Yangon,Member,Male,Electronic accessories,55.68,5,13.92,292.32,03-02-2023,05:06,Ewallet,7.9
INV000747,A,Yangon,Member,Female,Sports and travel,92.21,5,23.0525,484.1025,03-02-2023,07:13,Ewallet,6.2
INV000748,A,Yangon,Member,Female,Food and beverages,13.47,5,3.3675,70.7175,03-02-2023,13:04,Credit card,7.4
INV000749,B,Mandalay,Normal,Male,Electronic accessories,71.57,1,3.5785,75.1485,04-02-2023,18:42,Ewallet,4.8
INV000750,B,Mandalay,Member,Male,Home and lifestyle,86.28,2,8.628,181.188,04-02-2023,23:31,Cash,6.6
INV000751,C,Naypyitaw,Member,Male,Electronic accessories,93.32,10,46.66,979.86,04-02-2023,19:54,Ewallet,9.2
INV000752,B,Mandalay,Member,Female,Electronic accessories,33.85,9,15.2325,319.8825,04-02-2023,17:32,Cash,8.3
INV000753,A,Yangon,Normal,Male,Food and beverages,36.66,2,3.666,76.986,04-02-2023,19:55,Credit card,9.6
INV000754,B,Mandalay,Normal,Female,Fashion accessories,11.51,2,1.151,24.171,04-02-2023,15:53,Ewallet,8.9
INV000755,B,Mandalay,Member,Female,Fashion accessories,70.42,4,14.084,295.764,04-02-2023,08:39,Cash,8.8
INV000756,A,Yangon,Normal,Male,Electronic accessories,24.57,3,3.6855,77.3955,04-02-2023,09:01,Ewallet,8.7
INV000757,A,Yangon,Member,Male,Electronic accessories,45.55,3,6.8325,143.4825,04-02-2023,07:09,Cash,8.3
INV000758,B,Mandalay,Member,Male,Health and beauty,11.65,6,3.495,73.395,04-02-2023,13:28,Cash,8.4
INV000759,B,Mandalay,Member,Male,Fashion accessories,53.0,10,26.5,556.5,04-02-2023,13:31,Cash,9.9
INV000760,C,Naypyitaw,Normal,Female,Fashion accessories,61.82,3,9.273,194.733,04-02-2023,06:36,Ewallet,7.8
INV000761,B,Mandalay,Member,Female,Electronic accessories,89.3,1,4.465,93.765,04-02-2023,07:29,Ewallet,9.5
INV000762,A,Yangon,Normal,Female,Fashion accessories,67.29,5,16.8225,353.2725,04-02-2023,08:10,Credit card,5.9
INV000763,C,Naypyitaw,Member,Male,Home and lifestyle,85.79,9,38.6055,810.7155,04-02-2023,21:38,Cash,8.6
INV000764,A,Yangon,Member,Female,Electronic accessories,48.74,3,7.311,153.531,04-02-2023,11:21,Credit card,8.5
INV000765,A,Yangon,Normal,Male,Electronic accessories,25.83,8,10.332,216.972,04-02-2023,01:45,Cash,9.0
INV000766,C,Naypyitaw,Member,Male,Sports and travel,69.56,7,24.346,511.266,04-02-2023,00:17,Ewallet,7.8
INV000767,C,Naypyitaw,Normal,Female,Health and beauty,21.63,2,2.163,45.423,04-02-2023,23:12,Credit card,9.4
INV000768,A,Yangon,Normal,Male,Sports and travel,27.12,7,9.492,199.332,04-02-2023,07:25,Ewallet,9.5
INV000769,A,Yangon,Normal,Male,Sports and travel,66.21,6,19.863,417.123,04-02-2023,15:43,Cash,4.6
INV000770,C,Naypyitaw,Member,Male,Home and lifestyle,14.52,4,2.904,60.984,04-02-2023,14:57,Credit card,9.6
INV000771,B,Mandalay,Member,Male,Electronic accessories,97.63,6,29.289,615.069,05-02-2023,12:38,Ewallet,7.5
INV000772,A,Yangon,Normal,Female,Sports and travel,67.67,9,30.4515,639.4815,05-02-2023,10:05,Cash,9.8
INV000773,A,Yangon,Member,Female,Food and beverages,55.32,5,13.83,290.43,05-02-2023,19:56,Cash,5.3
INV000774,C,Naypyitaw,Normal,Female,Fashion accessories,85.26,6,25.578,537.138,05-02-2023,10:54,Cash,5.4
INV000775,A,Yangon,Normal,Female,Home and lifestyle,40.13,7,14.0455,294.9555,05-02-2023,13:53,Cash,9.0
INV000776,A,Yangon,Member,Female,Health and beauty,12.8,5,3.2,67.2,05-02-2023,22:26,Cash,9.4
INV000777,C,Naypyitaw,Member,Male,Food and beverages,85.13,6,25.539,536.319,05-02-2023,16:54,Credit card,6.9
INV000778,B,Mandalay,Normal,Female,Electronic accessories,93.35,7,32.6725,686.1225,05-02-2023,16:01,Ewallet,8.8
INV000779,B,Mandalay,Member,Male,Food and beverages,14.44,1,0.722,15.162,05-02-2023,16:01,Cash,7.5
INV000780,C,Naypyitaw,Member,Female,Sports and travel,13.97,7,4.8895,102.6795,05-02-2023,23:20,Ewallet,7.4
INV000781,B,Mandalay,Normal,Male,Electronic accessories,11.18,5,2.795,58.695,05-02-2023,14:20,Credit card,8.9
INV000782,C,Naypyitaw,Member,Male,Electronic accessories,53.19,9,23.9355,502.6455,05-02-2023,22:26,Cash,5.0
INV000783,B,Mandalay,Normal,Male,Health and beauty,95.65,5,23.9125,502.1625,05-02-2023,20:28,Ewallet,4.7
INV000784,C,Naypyitaw,Normal,Male,Fashion accessories,87.11,8,34.844,731.724,05-02-2023,03:31,Cash,4.5
INV000785,C,Naypyitaw,Normal,Male,Health and beauty,18.83,8,7.532,158.172,05-02-2023,14:39,Credit card,4.8
INV000786,B,Mandalay,Member,Male,Sports and travel,41.69,2,4.169,87.549,05-02-2023,13:23,Ewallet,5.6
INV000787,A,Yangon,Normal,Female,Health and beauty,44.27,4,8.854,185.934,05-02-2023,18:33,Ewallet,5.7
INV000788,C,Naypyitaw,Member,Male,Food and beverages,19.42,1,0.971,20.391,05-02-2023,19:36,Ewallet,6.8
INV000789,C,Naypyitaw,Member,Male,Sports and travel,62.01,5,15.5025,325.5525,05-02-2023,23:02,Ewallet,8.8
INV000790,A,Yangon,Member,Female,Electronic accessories,62.32,6,18.696,392.616,05-02-2023,00:16,Credit card,9.5
INV000791,C,Naypyitaw,Normal,Male,Sports and travel,97.07,8,38.828,815.388,05-02-2023,14:18,Credit card,5.0
INV000792,C,Naypyitaw,Member,Male,Home and lifestyle,58.43,8,23.372,490.812,05-02-2023,08:43,Ewallet,8.0
INV000793,A,Yangon,Member,Female,Health and beauty,54.28,4,10.856,227.976,06-02-2023,18:09,Ewallet,8.0
INV000794,A,Yangon,Member,Male,Health and beauty,74.33,5,18.5825,390.2325,06-02-2023,20:21,Credit card,7.5
INV000795,C,Naypyitaw,Normal,Female,Fashion accessories,26.34,10,13.17,276.57,06-02-2023,22:18,Credit card,4.8
INV000796,A,Yangon,Member,Female,Electronic accessories,27.44,6,8.232,172.872,06-02-2023,00:24,Ewallet,4.2
INV000797,A,Yangon,Normal,Male,Sports and travel,50.37,8,20.148,423.108,06-02-2023,15:15,Credit card,7.2
INV000798,A,Yangon,Member,Male,Home and lifestyle,81.4,7,28.49,598.29,06-02-2023,01:39,Credit card,4.7
INV000799,C,Naypyitaw,Normal,Male,Food and beverages,58.03,10,29.015,609.315,06-02-2023,23:07,Ewallet,4.6
INV000800,C,Naypyitaw,Normal,Male,Home and lifestyle,81.36,8,32.544,683.424,06-02-2023,02:02,Credit card,4.7
INV000801,B,Mandalay,Member,Female,Fashion accessories,45.92,9,20.664,433.944,06-02-2023,06:34,Cash,7.2
INV000802,A,Yangon,Member,Female,Home and lifestyle,12.89,5,3.2225,67.6725,06-02-2023,19:54,Credit card,8.0
INV000803,C,Naypyitaw,Normal,Female,Electronic accessories,74.96,5,18.74,393.54,06-02-2023,21:23,Ewallet,6.7
INV000804,A,Yangon,Normal,Male,Electronic accessories,36.93,8,14.772,310.212,06-02-2023,04:02,Ewallet,6.2
INV000805,A,Yangon,Normal,Female,Home and lifestyle,88.53,2,8.853,185.913,06-02-2023,12:49,Credit card,7.0
INV000806,C,Naypyitaw,Member,Female,Sports and travel,31.45,6,9.435,198.135,06-02-2023,06:10,Ewallet,5.5
INV000807,A,Yangon,Member,Female,Electronic accessories,98.99,6,29.697,623.637,06-02-2023,12:37,Ewallet,9.5
INV000808,A,Yangon,Normal,Female,Sports and travel,10.11,5,2.5275,53.0775,06-02-2023,12:25,Ewallet,9.7
INV000809,A,Yangon,Member,Female,Sports and travel,14.56,10,7.28,152.88,06-02-2023,01:57,Ewallet,6.4
INV000810,C,Naypyitaw,Normal,Male,Electronic accessories,23.65,7,8.2775,173.8275,06-02-2023,01:02,Cash,4.9
INV000811,B,Mandalay,Normal,Female,Fashion accessories,43.76,5,10.94,229.74,06-02-2023,12:33,Credit card,4.4
INV000812,C,Naypyitaw,Normal,Female,Sports and travel,10.35,10,5.175,108.675,06-02-2023,04:09,Credit card,7.9
INV000813,C,Naypyitaw,Normal,Male,Food and beverages,29.18,2,2.918,61.278,06-02-2023,06:42,Credit card,8.5
INV000814,C,Naypyitaw,Member,Female,Health and beauty,74.09,9,33.3405,700.1505,06-02-2023,23:46,Credit card,5.7
INV000815,A,Yangon,Member,Female,Home and lifestyle,13.31,5,3.3275,69.8775,07-02-2023,15:28,Credit card,6.8
INV000816,C,Naypyitaw,Member,Female,Home and lifestyle,90.37,6,27.111,569.331,07-02-2023,12:42,Ewallet,7.8
INV000817,C,Naypyitaw,Normal,Female,Food and beverages,58.9,2,5.89,123.69,07-02-2023,03:55,Cash,5.5
INV000818,C,Naypyitaw,Normal,Female,Food and beverages,60.08,1,3.004,63.084,07-02-2023,03:54,Cash,6.7
INV000819,A,Yangon,Member,Female,Health and beauty,17.58,9,7.911,166.131,07-02-2023,06:15,Credit card,9.8
INV000820,B,Mandalay,Normal,Female,Health and beauty,36.15,7,12.6525,265.7025,07-02-2023,15:41,Credit card,5.9
INV000821,B,Mandalay,Member,Male,Home and lifestyle,79.23,6,23.769,499.149,07-02-2023,19:19,Cash,6.3
INV000822,C,Naypyitaw,Normal,Female,Health and beauty,89.09,4,17.818,374.178,07-02-2023,23:17,Ewallet,5.7
INV000823,B,Mandalay,Normal,Male,Electronic accessories,67.65,10,33.825,710.325,07-02-2023,01:54,Cash,7.3
INV000824,C,Naypyitaw,Member,Female,Health and beauty,94.62,3,14.193,298.053,07-02-2023,15:06,Cash,4.3
INV000825,A,Yangon,Normal,Female,Sports and travel,55.27,10,27.635,580.335,07-02-2023,16:38,Ewallet,6.5
INV000826,B,Mandalay,Normal,Female,Home and lifestyle,67.43,6,20.229,424.809,07-02-2023,20:58,Credit card,9.0
INV000827,B,Mandalay,Member,Female,Health and beauty,33.87,7,11.8545,248.9445,07-02-2023,06:35,Ewallet,4.9
INV000828,B,Mandalay,Member,Female,Health and beauty,50.78,7,17.773,373.233,07-02-2023,23:18,Ewallet,6.8
INV000829,A,Yangon,Member,Male,Electronic accessories,61.81,8,24.724,519.204,07-02-2023,07:42,Ewallet,9.5
INV000830,C,Naypyitaw,Member,Female,Fashion accessories,28.63,7,10.0205,210.4305,07-02-2023,01:24,Cash,9.7
INV000831,A,Yangon,Member,Male,Sports and travel,71.43,3,10.7145,225.0045,07-02-2023,01:38,Credit card,8.4
INV000832,C,Naypyitaw,Normal,Male,Food and beverages,84.15,6,25.245,530.145,07-02-2023,23:25,Cash,8.4
INV000833,C,Naypyitaw,Member,Female,Fashion accessories,54.34,8,21.736,456.456,07-02-2023,23:50,Credit card,6.6
INV000834,C,Naypyitaw,Normal,Female,Sports and travel,95.46,3,14.319,300.699,07-02-2023,06:15,Ewallet,5.9
INV000835,C,Naypyitaw,Normal,Female,Sports and travel,28.26,7,9.891,207.711,07-02-2023,15:12,Ewallet,5.9
INV000836,B,Mandalay,Normal,Male,Electronic accessories,80.96,6,24.288,510.048,07-02-2023,10:33,Credit card,4.8
INV000837,A,Yangon,Normal,Male,Fashion accessories,74.98,8,29.992,629.832,08-02-2023,01:35,Cash,5.1
INV000838,B,Mandalay,Member,Male,Sports and travel,16.72,6,5.016,105.336,08-02-2023,02:12,Cash,9.7
INV000839,B,Mandalay,Normal,Female,Home and lifestyle,68.46,7,23.961,503.181,08-02-2023,21:56,Cash,9.8
INV000840,C,Naypyitaw,Member,Female,Sports and travel,84.86,7,29.701,623.721,08-02-2023,14:49,Cash,5.9
INV000841,B,Mandalay,Member,Male,Food and beverages,46.11,6,13.833,290.493,08-02-2023,20:35,Ewallet,5.6
INV000842,B,Mandalay,Normal,Female,Home and lifestyle,82.22,2,8.222,172.662,08-02-2023,00:44,Cash,4.4
INV000843,B,Mandalay,Normal,Male,Electronic accessories,49.97,6,14.991,314.811,08-02-2023,23:22,Cash,7.9
INV000844,B,Mandalay,Normal,Female,Fashion accessories,76.72,8,30.688,644.448,08-02-2023,05:22,Cash,7.7
INV000845,A,Yangon,Member,Female,Electronic accessories,53.82,7,18.837,395.577,08-02-2023,11:28,Ewallet,4.4
INV000846,B,Mandalay,Member,Male,Sports and travel,49.49,4,9.898,207.858,08-02-2023,08:55,Cash,4.9
INV000847,C,Naypyitaw,Normal,Male,Health and beauty,97.52,8,39.008,819.168,08-02-2023,00:10,Ewallet,8.0
INV000848,A,Yangon,Normal,Male,Home and lifestyle,70.8,7,24.78,520.38,08-02-2023,05:43,Credit card,9.1
INV000849,B,Mandalay,Normal,Female,Fashion accessories,85.23,2,8.523,178.983,08-02-2023,23:02,Credit card,4.9
INV000850,A,Yangon,Member,Female,Food and beverages,26.63,5,6.6575,139.8075,08-02-2023,23:48,Ewallet,9.0
INV000851,C,Naypyitaw,Normal,Female,Health and beauty,90.25,8,36.1,758.1,08-02-2023,09:32,Ewallet,9.6
INV000852,B,Mandalay,Member,Male,Electronic accessories,64.02,10,32.01,672.21,08-02-2023,22:29,Credit card,9.8
INV000853,A,Yangon,Member,Male,Health and beauty,59.76,3,8.964,188.244,08-02-2023,08:49,Credit card,8.5
INV000854,A,Yangon,Member,Male,Sports and travel,33.02,9,14.859,312.039,08-02-2023,11:57,Ewallet,7.3
INV000855,A,Yangon,Member,Female,Food and beverages,62.83,9,28.2735,593.7435,08-02-2023,08:33,Cash,4.9
INV000856,C,Naypyitaw,Normal,Male,Fashion accessories,44.4,9,19.98,419.58,08-02-2023,11:05,Cash,4.0
INV000857,A,Yangon,Normal,Male,Fashion accessories,72.91,8,29.164,612.444,08-02-2023,22:43,Cash,9.6
INV000858,C,Naypyitaw,Normal,Female,Fashion accessories,17.71,2,1.771,37.191,08-02-2023,09:17,Ewallet,8.3
INV000859,A,Yangon,Member,Male,Fashion accessories,36.85,3,5.5275,116.0775,09-02-2023,22:22,Cash,6.3
INV000860,B,Mandalay,Member,Female,Food and beverages,90.27,8,36.108,758.268,09-02-2023,02:56,Cash,9.7
INV000861,A,Yangon,Normal,Female,Electronic accessories,33.0,6,9.9,207.9,09-02-2023,05:55,Credit card,5.9
INV000862,B,Mandalay,Normal,Male,Food and beverages,13.23,6,3.969,83.349,09-02-2023,07:13,Credit card,5.2
INV000863,C,Naypyitaw,Normal,Male,Fashion accessories,46.17,6,13.851,290.871,09-02-2023,12:18,Cash,8.9
INV000864,A,Yangon,Normal,Male,Sports and travel,59.47,7,20.8145,437.1045,09-02-2023,21:55,Ewallet,8.0
INV000865,C,Naypyitaw,Normal,Female,Health and beauty,90.71,7,31.7485,666.7185,09-02-2023,21:16,Ewallet,6.7
INV000866,B,Mandalay,Normal,Male,Fashion accessories,89.63,4,17.926,376.446,09-02-2023,10:03,Credit card,8.1
INV000867,B,Mandalay,Member,Female,Electronic accessories,38.54,8,15.416,323.736,09-02-2023,08:33,Ewallet,6.5
INV000868,A,Yangon,Member,Female,Food and beverages,36.36,2,3.636,76.356,09-02-2023,06:15,Cash,6.1
INV000869,B,Mandalay,Normal,Female,Sports and travel,39.55,6,11.865,249.165,09-02-2023,23:47,Ewallet,4.8
INV000870,C,Naypyitaw,Normal,Male,Home and lifestyle,15.63,7,5.4705,114.8805,09-02-2023,20:31,Cash,5.5
INV000871,C,Naypyitaw,Normal,Female,Health and beauty,30.75,3,4.6125,96.8625,09-02-2023,19:46,Ewallet,8.2
INV000872,A,Yangon,Member,Female,Food and beverages,58.37,4,11.674,245.154,09-02-2023,19:21,Credit card,5.3
INV000873,B,Mandalay,Normal,Female,Electronic accessories,75.94,3,11.391,239.211,09-02-2023,06:24,Ewallet,8.9
INV000874,A,Yangon,Normal,Male,Sports and travel,30.22,6,9.066,190.386,09-02-2023,13:21,Credit card,8.8
INV000875,A,Yangon,Member,Female,Food and beverages,18.77,9,8.4465,177.3765,09-02-2023,02:29,Ewallet,4.8
INV000876,A,Yangon,Member,Female,Fashion accessories,31.68,5,7.92,166.32,09-02-2023,13:03,Credit card,4.5
INV000877,B,Mandalay,Member,Male,Electronic accessories,80.01,8,32.004,672.084,09-02-2023,15:56,Cash,9.1
INV000878,C,Naypyitaw,Member,Male,Health and beauty,47.08,8,18.832,395.472,09-02-2023,00:36,Cash,9.7
INV000879,A,Yangon,Member,Female,Health and beauty,78.02,9,35.109,737.289,09-02-2023,08:59,Cash,9.1
INV000880,B,Mandalay,Normal,Male,Sports and travel,76.54,3,11.481,241.101,09-02-2023,07:20,Credit card,4.7
INV000881,C,Naypyitaw,Normal,Female,Sports and travel,50.01,9,22.5045,472.5945,10-02-2023,19:45,Credit card,5.7
INV000882,A,Yangon,Member,Female,Food and beverages,35.38,9,15.921,334.341,10-02-2023,18:05,Credit card,9.9
INV000883,A,Yangon,Normal,Female,Sports and travel,20.04,4,4.008,84.168,10-02-2023,07:25,Ewallet,7.6
INV000884,B,Mandalay,Member,Male,Food and beverages,37.83,10,18.915,397.215,10-02-2023,18:49,Ewallet,6.6
INV000885,C,Naypyitaw,Normal,Female,Food and beverages,45.6,7,15.96,335.16,10-02-2023,01:44,Credit card,9.2
INV000886,C,Naypyitaw,Member,Female,Fashion accessories,21.12,1,1.056,22.176,10-02-2023,19:16,Cash,5.7
INV000887,B,Mandalay,Member,Male,Health and beauty,56.89,10,28.445,597.345,10-02-2023,16:31,Cash,6.6
INV000888,B,Mandalay,Normal,Female,Food and beverages,60.27,2,6.027,126.567,10-02-2023,11:48,Ewallet,4.3
INV000889,C,Naypyitaw,Normal,Female,Food and beverages,14.87,4,2.974,62.454,10-02-2023,17:57,Credit card,7.6
INV000890,B,Mandalay,Normal,Female,Home and lifestyle,78.55,6,23.565,494.865,10-02-2023,19:13,Ewallet,7.1
INV000891,A,Yangon,Normal,Female,Electronic accessories,17.92,5,4.48,94.08,10-02-2023,15:39,Credit card,9.4
INV000892,A,Yangon,Member,Male,Home and lifestyle,24.19,4,4.838,101.598,10-02-2023,13:08,Cash,8.3
INV000893,B,Mandalay,Normal,Female,Home and lifestyle,84.53,7,29.5855,621.2955,10-02-2023,18:11,Cash,6.4
INV000894,B,Mandalay,Member,Male,Health and beauty,71.39,3,10.7085,224.8785,10-02-2023,12:32,Ewallet,7.0
INV000895,B,Mandalay,Normal,Male,Electronic accessories,30.13,9,13.5585,284.7285,10-02-2023,08:50,Credit card,5.4
INV000896,A,Yangon,Normal,Male,Electronic accessories,37.27,9,16.7715,352.2015,10-02-2023,11:07,Ewallet,6.6
INV000897,B,Mandalay,Member,Female,Home and lifestyle,48.69,2,4.869,102.249,10-02-2023,20:53,Ewallet,8.6
INV000898,A,Yangon,Normal,Male,Electronic accessories,38.63,3,5.7945,121.6845,10-02-2023,06:21,Credit card,9.6
INV000899,A,Yangon,Member,Female,Home and lifestyle,55.39,9,24.9255,523.4355,10-02-2023,21:48,Credit card,6.3
INV000900,C,Naypyitaw,Normal,Female,Electronic accessories,81.34,2,8.134,170.814,10-02-2023,23:57,Cash,8.1
INV000901,B,Mandalay,Normal,Male,Home and lifestyle,78.11,6,23.433,492.093,10-02-2023,03:47,Credit card,9.1
INV000902,C,Naypyitaw,Member,Male,Home and lifestyle,92.5,5,23.125,485.625,10-02-2023,18:53,Ewallet,6.3
INV000903,B,Mandalay,Normal,Male,Fashion accessories,93.16,5,23.29,489.09,11-02-2023,07:15,Cash,7.7
INV000904,A,Yangon,Member,Female,Health and beauty,72.13,10,36.065,757.365,11-02-2023,01:45,Ewallet,6.6
INV000905,A,Yangon,Normal,Male,Food and beverages,38.24,5,9.56,200.76,11-02-2023,09:37,Cash,5.9
INV000906,B,Mandalay,Normal,Male,Sports and travel,16.44,1,0.822,17.262,11-02-2023,15:12,Credit card,4.9
INV000907,B,Mandalay,Normal,Female,Electronic accessories,31.62,8,12.648,265.608,11-02-2023,17:06,Cash,9.3
INV000908,C,Naypyitaw,Member,Male,Fashion accessories,95.08,3,14.262,299.502,11-02-2023,21:09,Cash,9.7
INV000909,C,Naypyitaw,Member,Female,Fashion accessories,90.35,7,31.6225,664.0725,11-02-2023,21:34,Ewallet,7.6
INV000910,A,Yangon,Member,Female,Sports and travel,48.81,9,21.9645,461.2545,11-02-2023,18:31,Ewallet,5.2
INV000911,C,Naypyitaw,Normal,Female,Health and beauty,84.99,7,29.7465,624.6765,11-02-2023,19:16,Cash,6.8
INV000912,A,Yangon,Member,Female,Food and beverages,31.42,6,9.426,197.946,11-02-2023,19:14,Ewallet,9.6
INV000913,C,Naypyitaw,Normal,Male,Electronic accessories,40.76,1,2.038,42.798,11-02-2023,12:10,Cash,6.4
INV000914,C,Naypyitaw,Normal,Female,Food and beverages,40.8,5,10.2,214.2,11-02-2023,14:46,Ewallet,5.2
INV000915,A,Yangon,Normal,Male,Electronic accessories,27.05,7,9.4675,198.8175,11-02-2023,12:42,Credit card,5.4
INV000916,A,Yangon,Member,Female,Health and beauty,59.01,1,2.9505,61.9605,11-02-2023,23:45,Credit card,8.8
INV000917,C,Naypyitaw,Member,Male,Sports and travel,97.6,1,4.88,102.48,11-02-2023,11:03,Ewallet,8.0
INV000918,A,Yangon,Normal,Male,Food and beverages,49.67,2,4.967,104.307,11-02-2023,10:05,Cash,7.2
INV000919,C,Naypyitaw,Normal,Male,Home and lifestyle,67.5,2,6.75,141.75,11-02-2023,18:32,Cash,8.7
INV000920,B,Mandalay,Member,Male,Food and beverages,56.93,3,8.5395,179.3295,11-02-2023,02:26,Cash,6.9
INV000921,A,Yangon,Normal,Female,Fashion accessories,90.07,10,45.035,945.735,11-02-2023,22:48,Credit card,7.1
INV000922,B,Mandalay,Normal,Female,Home and lifestyle,44.54,2,4.454,93.534,11-02-2023,21:46,Credit card,7.1
INV000923,A,Yangon,Member,Female,Food and beverages,54.83,1,2.7415,57.5715,11-02-2023,05:23,Cash,7.8
INV000924,C,Naypyitaw,Normal,Male,Sports and travel,48.52,2,4.852,101.892,11-02-2023,23:23,Ewallet,7.5
INV000925,C,Naypyitaw,Member,Female,Health and beauty,98.52,9,44.334,931.014,12-02-2023,17:55,Credit card,6.7
INV000926,A,Yangon,Member,Male,Fashion accessories,84.61,6,25.383,533.043,12-02-2023,12:22,Credit card,4.1
INV000927,A,Yangon,Normal,Female,Fashion accessories,33.29,7,11.6515,244.6815,12-02-2023,18:01,Cash,7.2
INV000928,B,Mandalay,Normal,Male,Home and lifestyle,46.32,5,11.58,243.18,12-02-2023,01:40,Credit card,8.8
INV000929,A,Yangon,Normal,Female,Food and beverages,20.9,6,6.27,131.67,12-02-2023,07:21,Ewallet,8.6
INV000930,A,Yangon,Member,Female,Home and lifestyle,76.96,2,7.696,161.616,12-02-2023,13:57,Cash,8.6
INV000931,A,Yangon,Normal,Male,Health and beauty,97.59,9,43.9155,922.2255,12-02-2023,21:32,Credit card,7.9
INV000932,C,Naypyitaw,Normal,Female,Health and beauty,74.08,8,29.632,622.272,12-02-2023,18:39,Ewallet,6.7
INV000933,C,Naypyitaw,Normal,Male,Sports and travel,95.65,6,28.695,602.595,12-02-2023,08:01,Ewallet,8.9
INV000934,C,Naypyitaw,Member,Female,Health and beauty,61.71,2,6.171,129.591,12-02-2023,15:33,Cash,7.8
INV000935,B,Mandalay,Normal,Male,Food and beverages,86.52,6,25.956,545.076,12-02-2023,14:19,Ewallet,9.4
INV000936,B,Mandalay,Member,Male,Home and lifestyle,41.72,8,16.688,350.448,12-02-2023,08:57,Credit card,7.9
INV000937,C,Naypyitaw,Member,Male,Health and beauty,97.35,4,19.47,408.87,12-02-2023,05:29,Cash,6.8
INV000938,A,Yangon,Member,Female,Electronic accessories,91.39,9,41.1255,863.6355,12-02-2023,19:29,Cash,5.1
INV000939,B,Mandalay,Normal,Male,Food and beverages,78.19,8,31.276,656.796,12-02-2023,09:09,Credit card,6.2
INV000940,A,Yangon,Normal,Female,Health and beauty,93.12,5,23.28,488.88,12-02-2023,14:46,Cash,8.6
INV000941,C,Naypyitaw,Normal,Female,Health and beauty,87.62,8,35.048,736.008,12-02-2023,00:05,Ewallet,7.7
INV000942,C,Naypyitaw,Normal,Female,Home and lifestyle,58.83,10,29.415,617.715,12-02-2023,22:45,Ewallet,9.2
INV000943,C,Naypyitaw,Normal,Female,Electronic accessories,59.98,1,2.999,62.979,12-02-2023,02:03,Ewallet,9.3
INV000944,C,Naypyitaw,Member,Female,Fashion accessories,68.91,2,6.891,144.711,12-02-2023,13:51,Ewallet,7.6
INV000945,B,Mandalay,Normal,Female,Home and lifestyle,52.73,10,26.365,553.665,12-02-2023,18:08,Credit card,9.1
INV000946,B,Mandalay,Member,Female,Home and lifestyle,38.54,1,1.927,40.467,12-02-2023,10:22,Credit card,9.5
INV000947,B,Mandalay,Member,Male,Fashion accessories,46.38,6,13.914,292.194,13-02-2023,09:27,Credit card,4.5
INV000948,A,Yangon,Member,Female,Electronic accessories,38.54,4,7.708,161.868,13-02-2023,04:47,Cash,4.1
INV000949,C,Naypyitaw,Normal,Female,Food and beverages,18.42,1,0.921,19.341,13-02-2023,09:36,Cash,7.4
INV000950,A,Yangon,Member,Male,Food and beverages,28.5,9,12.825,269.325,13-02-2023,17:51,Ewallet,9.7
INV000951,B,Mandalay,Normal,Female,Fashion accessories,19.45,9,8.7525,183.8025,13-02-2023,04:16,Ewallet,9.9
INV000952,A,Yangon,Member,Male,Electronic accessories,66.91,8,26.764,562.044,13-02-2023,19:28,Cash,5.6
INV000953,B,Mandalay,Member,Female,Electronic accessories,84.14,9,37.863,795.123,13-02-2023,16:03,Cash,4.9
INV000954,C,Naypyitaw,Normal,Male,Sports and travel,15.91,6,4.773,100.233,13-02-2023,18:23,Cash,6.7
INV000955,B,Mandalay,Member,Male,Fashion accessories,52.93,3,7.9395,166.7295,13-02-2023,08:58,Credit card,8.0
INV000956,A,Yangon,Member,Male,Health and beauty,26.77,3,4.0155,84.3255,13-02-2023,20:04,Ewallet,10.0
INV000957,B,Mandalay,Normal,Female,Health and beauty,57.49,4,11.498,241.458,13-02-2023,21:55,Credit card,6.1
INV000958,C,Naypyitaw,Member,Male,Health and beauty,65.14,5,16.285,341.985,13-02-2023,14:39,Credit card,6.0
INV000959,A,Yangon,Member,Female,Food and beverages,24.99,4,4.998,104.958,13-02-2023,02:26,Credit card,9.7
INV000960,A,Yangon,Normal,Female,Sports and travel,50.39,4,10.078,211.638,13-02-2023,22:25,Cash,6.2
INV000961,C,Naypyitaw,Normal,Male,Home and lifestyle,70.0,8,28.0,588.0,13-02-2023,10:37,Cash,4.7
INV000962,A,Yangon,Normal,Female,Food and beverages,62.4,9,28.08,589.68,13-02-2023,16:18,Cash,5.0
INV000963,B,Mandalay,Normal,Female,Electronic accessories,38.96,1,1.948,40.908,13-02-2023,18:23,Ewallet,6.1
INV000964,B,Mandalay,Member,Female,Fashion accessories,62.45,5,15.6125,327.8625,13-02-2023,10:18,Credit card,4.8
INV000965,A,Yangon,Normal,Male,Electronic accessories,65.71,7,22.9985,482.9685,13-02-2023,09:25,Cash,6.2
INV000966,A,Yangon,Normal,Female,Health and beauty,63.14,10,31.57,662.97,13-02-2023,05:10,Ewallet,7.1
INV000967,A,Yangon,Normal,Male,Sports and travel,36.6,1,1.83,38.43,13-02-2023,04:59,Ewallet,7.7
INV000968,C,Naypyitaw,Member,Female,Food and beverages,23.22,5,5.805,121.905,13-02-2023,21:23,Cash,8.4
INV000969,A,Yangon,Normal,Male,Electronic accessories,29.24,5,7.31,153.51,14-02-2023,03:05,Ewallet,4.1
INV000970,B,Mandalay,Member,Male,Health and beauty,34.88,10,17.44,366.24,14-02-2023,06:27,Cash,8.5
INV000971,B,Mandalay,Normal,Male,Food and beverages,77.69,4,15.538,326.298,14-02-2023,04:36,Credit card,5.2
INV000972,B,Mandalay,Member,Female,Home and lifestyle,87.55,7,30.6425,643.4925,14-02-2023,07:30,Cash,5.4
INV000973,A,Yangon,Member,Female,Health and beauty,91.33,1,4.5665,95.8965,14-02-2023,05:32,Credit card,9.0
INV000974,B,Mandalay,Normal,Male,Food and beverages,39.92,9,17.964,377.244,14-02-2023,18:55,Cash,7.0
INV000975,C,Naypyitaw,Member,Male,Food and beverages,49.76,2,4.976,104.496,14-02-2023,09:23,Ewallet,6.6
INV000976,C,Naypyitaw,Member,Male,Electronic accessories,47.46,5,11.865,249.165,14-02-2023,19:03,Cash,8.8
INV000977,A,Yangon,Member,Male,Fashion accessories,34.18,8,13.672,287.112,14-02-2023,05:08,Ewallet,9.1
INV000978,A,Yangon,Normal,Female,Sports and travel,84.13,1,4.2065,88.3365,14-02-2023,02:00,Ewallet,7.3
INV000979,B,Mandalay,Member,Female,Electronic accessories,59.97,8,23.988,503.748,14-02-2023,08:47,Credit card,4.1
INV000980,A,Yangon,Normal,Female,Sports and travel,58.88,1,2.944,61.824,14-02-2023,14:00,Ewallet,6.2
INV000981,C,Naypyitaw,Normal,Female,Electronic accessories,41.58,3,6.237,130.977,14-02-2023,20:49,Cash,7.3
INV000982,C,Naypyitaw,Member,Male,Food and beverages,20.62,6,6.186,129.906,14-02-2023,03:22,Cash,7.0
INV000983,A,Yangon,Member,Female,Electronic accessories,83.94,9,37.773,793.233,14-02-2023,07:52,Credit card,8.6
INV000984,C,Naypyitaw,Normal,Male,Fashion accessories,50.85,9,22.8825,480.5325,14-02-2023,08:05,Credit card,7.6
INV000985,A,Yangon,Normal,Female,Sports and travel,86.15,1,4.3075,90.4575,14-02-2023,12:14,Ewallet,8.1
INV000986,C,Naypyitaw,Member,Female,Electronic accessories,83.12,3,12.468,261.828,14-02-2023,17:40,Ewallet,8.3
INV000987,C,Naypyitaw,Normal,Female,Health and beauty,83.04,6,24.912,523.152,14-02-2023,17:22,Credit card,7.7
INV000988,B,Mandalay,Member,Female,Fashion accessories,29.92,4,5.984,125.664,14-02-2023,01:36,Cash,6.4
INV000989,A,Yangon,Member,Male,Sports and travel,70.09,8,28.036,588.756,14-02-2023,03:27,Credit card,7.1
INV000990,A,Yangon,Member,Male,Food and beverages,74.52,2,7.452,156.492,14-02-2023,11:28,Ewallet,9.9
INV000991,A,Yangon,Member,Male,Electronic accessories,35.02,8,14.008,294.168,15-02-2023,22:41,Credit card,5.9
INV000992,B,Mandalay,Normal,Male,Fashion accessories,81.71,5,20.4275,428.9775,15-02-2023,23:11,Credit card,6.4
INV000993,A,Yangon,Member,Female,Sports and travel,76.25,9,34.3125,720.5625,15-02-2023,21:32,Credit card,7.4
INV000994,A,Yangon,Normal,Male,Fashion accessories,67.9,9,30.555,641.655,15-02-2023,08:08,Cash,4.7
INV000995,C,Naypyitaw,Member,Female,Electronic accessories,88.89,5,22.2225,466.6725,15-02-2023,13:54,Ewallet,6.0
INV000996,C,Naypyitaw,Member,Female,Electronic accessories,50.05,9,22.5225,472.9725,15-02-2023,11:34,Ewallet,5.0
INV000997,B,Mandalay,Normal,Female,Health and beauty,38.44,2,3.844,80.724,15-02-2023,20:01,Ewallet,4.4
INV000998,B,Mandalay,Normal,Male,Sports and travel,73.75,9,33.1875,696.9375,15-02-2023,04:13,Ewallet,7.7
INV000999,B,Mandalay,Normal,Male,Fashion accessories,34.69,5,8.6725,182.1225,15-02-2023,13:53,Credit card,6.5
INV001000,B,Mandalay,Member,Male,Fashion accessories,96.71,2,9.671,203.091,15-02-2023,14:47,Cash,9.6
INV001001,C,Naypyitaw,Member,Male,Home and lifestyle,25.35,4,5.07,106.47,15-02-2023,02:42,Cash,8.4
INV001002,C,Naypyitaw,Member,Male,Health and beauty,65.25,8,26.1,548.1,15-02-2023,23:56,Ewallet,9.3
INV001003,A,Yangon,Normal,Male,Health and beauty,70.35,3,10.5525,221.6025,15-02-2023,23:08,Cash,6.1
INV001004,A,Yangon,Normal,Male,Fashion accessories,67.38,8,26.952,565.992,15-02-2023,05:38,Cash,8.6
INV001005,C,Naypyitaw,Normal,Male,Food and beverages,42.64,6,12.792,268.632,15-02-2023,10:23,Ewallet,4.9
INV001006,B,Mandalay,Member,Male,Food and beverages,14.87,3,2.2305,46.8405,15-02-2023,21:20,Ewallet,8.5
INV001007,B,Mandalay,Member,Female,Home and lifestyle,72.97,3,10.9455,229.8555,15-02-2023,01:46,Credit card,5.1
INV001008,B,Mandalay,Member,Female,Fashion accessories,60.18,10,30.09,631.89,15-02-2023,06:42,Cash,4.5
INV001009,C,Naypyitaw,Member,Female,Home and lifestyle,51.24,9,23.058,484.218,15-02-2023,13:12,Ewallet,4.1
INV001010,B,Mandalay,Member,Female,Health and beauty,82.57,6,24.771,520.191,15-02-2023,02:49,Credit card,5.6
INV001011,B,Mandalay,Normal,Female,Food and beverages,44.85,9,20.1825,423.8325,15-02-2023,11:50,Cash,5.7
INV001012,C,Naypyitaw,Member,Male,Fashion accessories,51.83,6,15.549,326.529,15-02-2023,13:52,Ewallet,9.5
INV001013,A,Yangon,Normal,Male,Fashion accessories,89.86,10,44.93,943.53,16-02-2023,09:37,Cash,5.7
INV001014,C,Naypyitaw,Member,Male,Fashion accessories,45.56,6,13.668,287.028,16-02-2023,23:40,Ewallet,7.5
INV001015,C,Naypyitaw,Member,Female,Electronic accessories,68.05,4,13.61,285.81,16-02-2023,12:18,Ewallet,9.1
INV001016,B,Mandalay,Member,Male,Food and beverages,97.79,5,24.4475,513.3975,16-02-2023,22:51,Credit card,5.5
INV001017,A,Yangon,Member,Male,Home and lifestyle,19.2,1,0.96,20.16,16-02-2023,03:36,Ewallet,7.1
INV001018,A,Yangon,Normal,Male,Home and lifestyle,60.45,2,6.045,126.945,16-02-2023,12:17,Cash,8.4
INV001019,C,Naypyitaw,Normal,Male,Home and lifestyle,39.9,9,17.955,377.055,16-02-2023,00:24,Cash,4.8
INV001020,B,Mandalay,Member,Male,Health and beauty,28.46,6,8.538,179.298,16-02-2023,05:19,Cash,9.2
INV001021,C,Naypyitaw,Member,Male,Home and lifestyle,51.36,3,7.704,161.784,16-02-2023,19:27,Ewallet,9.5
INV001022,A,Yangon,Normal,Male,Sports and travel,36.32,5,9.08,190.68,16-02-2023,11:45,Cash,6.4
INV001023,C,Naypyitaw,Normal,Male,Electronic accessories,35.8,10,17.9,375.9,16-02-2023,23:24,Cash,6.4
INV001024,C,Naypyitaw,Member,Female,Electronic accessories,97.62,9,43.929,922.509,16-02-2023,02:14,Cash,8.7
INV001025,B,Mandalay,Member,Male,Electronic accessories,87.54,2,8.754,183.834,16-02-2023,06:07,Cash,7.9
INV001026,A,Yangon,Member,Male,Electronic accessories,58.92,3,8.838,185.598,16-02-2023,09:02,Cash,8.4
INV001027,C,Naypyitaw,Normal,Male,Fashion accessories,23.39,9,10.5255,221.0355,16-02-2023,12:38,Ewallet,8.2
INV001028,C,Naypyitaw,Normal,Female,Health and beauty,45.52,5,11.38,238.98,16-02-2023,19:46,Cash,5.3
INV001029,A,Yangon,Normal,Female,Health and beauty,98.3,8,39.32,825.72,16-02-2023,23:52,Credit card,4.5
INV001030,B,Mandalay,Normal,Male,Home and lifestyle,48.47,7,16.9645,356.2545,16-02-2023,00:00,Cash,8.6
INV001031,C,Naypyitaw,Member,Male,Sports and travel,19.62,7,6.867,144.207,16-02-2023,06:35,Credit card,4.2
INV001032,A,Yangon,Member,Male,Health and beauty,19.42,5,4.855,101.955,16-02-2023,10:22,Ewallet,4.6
INV001033,B,Mandalay,Member,Female,Fashion accessories,49.61,3,7.4415,156.2715,16-02-2023,02:06,Ewallet,10.0
INV001034,B,Mandalay,Member,Female,Electronic accessories,67.66,9,30.447,639.387,16-02-2023,15:12,Cash,4.8
INV001035,C,Naypyitaw,Normal,Male,Home and lifestyle,34.82,4,6.964,146.244,17-02-2023,10:58,Ewallet,7.6
INV001036,A,Yangon,Normal,Male,Electronic accessories,88.31,7,30.9085,649.0785,17-02-2023,07:57,Ewallet,8.6
INV001037,C,Naypyitaw,Member,Male,Sports and travel,89.91,5,22.4775,472.0275,17-02-2023,00:54,Ewallet,4.2
INV001038,C,Naypyitaw,Normal,Male,Fashion accessories,66.7,3,10.005,210.105,17-02-2023,19:05,Cash,4.9
INV001039,B,Mandalay,Normal,Female,Food and beverages,73.12,5,18.28,383.88,17-02-2023,03:40,Credit card,6.7
INV001040,A,Yangon,Member,Male,Food and beverages,50.34,6,15.102,317.142,17-02-2023,21:27,Credit card,7.9
INV001041,A,Yangon,Member,Female,Electronic accessories,20.4,2,2.04,42.84,17-02-2023,22:39,Ewallet,5.8
INV001042,B,Mandalay,Normal,Female,Electronic accessories,40.74,1,2.037,42.777,17-02-2023,19:37,Ewallet,6.4
INV001043,A,Yangon,Normal,Female,Home and lifestyle,15.03,4,3.006,63.126,17-02-2023,21:04,Cash,5.3
INV001044,B,Mandalay,Normal,Female,Fashion accessories,64.98,10,32.49,682.29,17-02-2023,08:11,Credit card,7.0
INV001045,B,Mandalay,Normal,Male,Health and beauty,30.48,2,3.048,64.008,17-02-2023,14:28,Ewallet,8.7
INV001046,B,Mandalay,Member,Female,Electronic accessories,43.66,9,19.647,412.587,17-02-2023,20:44,Credit card,9.1
INV001047,B,Mandalay,Member,Female,Electronic accessories,57.48,7,20.118,422.478,17-02-2023,07:28,Ewallet,4.2
INV001048,B,Mandalay,Member,Female,Food and beverages,72.97,3,10.9455,229.8555,17-02-2023,14:50,Cash,4.7
INV001049,B,Mandalay,Normal,Male,Food and beverages,78.87,3,11.8305,248.4405,17-02-2023,19:19,Ewallet,6.9
INV001050,C,Naypyitaw,Normal,Female,Sports and travel,94.43,5,23.6075,495.7575,17-02-2023,16:36,Ewallet,4.1
INV001051,A,Yangon,Normal,Female,Electronic accessories,31.44,2,3.144,66.024,17-02-2023,15:28,Credit card,8.1
INV001052,B,Mandalay,Member,Female,Sports and travel,62.08,10,31.04,651.84,17-02-2023,18:36,Credit card,6.2
INV001053,B,Mandalay,Normal,Male,Sports and travel,68.8,1,3.44,72.24,17-02-2023,18:38,Credit card,5.4
INV001054,A,Yangon,Member,Female,Fashion accessories,59.93,10,29.965,629.265,17-02-2023,05:30,Ewallet,9.5
INV001055,C,Naypyitaw,Normal,Male,Health and beauty,32.03,10,16.015,336.315,17-02-2023,05:31,Cash,4.3
INV001056,B,Mandalay,Normal,Male,Health and beauty,54.04,2,5.404,113.484,17-02-2023,14:17,Credit card,7.0
INV001057,A,Yangon,Normal,Male,Fashion accessories,46.33,3,6.9495,145.9395,18-02-2023,01:05,Credit card,5.5
INV001058,A,Yangon,Normal,Female,Food and beverages,70.45,7,24.6575,517.8075,18-02-2023,01:44,Ewallet,6.0
INV001059,A,Yangon,Member,Male,Food and beverages,12.88,2,1.288,27.048,18-02-2023,06:32,Cash,7.4
INV001060,C,Naypyitaw,Normal,Female,Food and beverages,37.64,9,16.938,355.698,18-02-2023,01:32,Cash,5.7
INV001061,A,Yangon,Normal,Male,Electronic accessories,43.28,1,2.164,45.444,18-02-2023,15:00,Ewallet,5.8
INV001062,B,Mandalay,Member,Male,Home and lifestyle,57.55,4,11.51,241.71,18-02-2023,14:31,Credit card,4.6
INV001063,B,Mandalay,Member,Female,Sports and travel,21.23,5,5.3075,111.4575,18-02-2023,00:18,Ewallet,6.5
INV001064,C,Naypyitaw,Member,Male,Fashion accessories,14.65,3,2.1975,46.1475,18-02-2023,22:21,Cash,5.2
INV001065,B,Mandalay,Normal,Female,Home and lifestyle,36.56,9,16.452,345.492,18-02-2023,10:40,Ewallet,8.4
INV001066,A,Yangon,Member,Male,Health and beauty,10.16,5,2.54,53.34,18-02-2023,23:37,Ewallet,4.9
INV001067,A,Yangon,Normal,Female,Sports and travel,42.47,6,12.741,267.561,18-02-2023,21:36,Cash,4.7
INV001068,A,Yangon,Member,Female,Food and beverages,35.77,8,14.308,300.468,18-02-2023,01:19,Ewallet,5.1
INV001069,C,Naypyitaw,Normal,Male,Electronic accessories,69.1,1,3.455,72.555,18-02-2023,05:18,Cash,9.2
INV001070,B,Mandalay,Normal,Female,Food and beverages,89.93,1,4.4965,94.4265,18-02-2023,12:03,Ewallet,8.1
INV001071,B,Mandalay,Normal,Male,Electronic accessories,81.58,2,8.158,171.318,18-02-2023,12:54,Ewallet,6.1
INV001072,A,Yangon,Normal,Male,Home and lifestyle,77.77,6,23.331,489.951,18-02-2023,20:03,Ewallet,6.7
INV001073,B,Mandalay,Normal,Female,Food and beverages,72.54,5,18.135,380.835,18-02-2023,06:27,Ewallet,4.0
INV001074,A,Yangon,Normal,Female,Food and beverages,50.34,5,12.585,264.285,18-02-2023,14:58,Ewallet,7.5
INV001075,B,Mandalay,Normal,Female,Sports and travel,97.09,2,9.709,203.889,18-02-2023,14:49,Cash,6.5
INV001076,B,Mandalay,Member,Female,Health and beauty,39.16,5,9.79,205.59,18-02-2023,09:27,Cash,6.9
INV001077,B,Mandalay,Member,Male,Electronic accessories,68.48,4,13.696,287.616,18-02-2023,23:00,Cash,8.2
INV001078,C,Naypyitaw,Member,Male,Food and beverages,62.42,9,28.089,589.869,18-02-2023,14:27,Credit card,7.1
INV001079,C,Naypyitaw,Member,Male,Electronic accessories,39.86,9,17.937,376.677,19-02-2023,17:22,Ewallet,7.5
INV001080,B,Mandalay,Member,Female,Electronic accessories,16.63,5,4.1575,87.3075,19-02-2023,11:15,Ewallet,5.1
INV001081,B,Mandalay,Normal,Male,Food and beverages,67.35,2,6.735,141.435,19-02-2023,20:01,Credit card,8.7
INV001082,A,Yangon,Normal,Male,Food and beverages,13.59,6,4.077,85.617,19-02-2023,04:02,Ewallet,6.5
INV001083,C,Naypyitaw,Member,Female,Electronic accessories,12.6,2,1.26,26.46,19-02-2023,05:22,Cash,5.8
INV001084,B,Mandalay,Normal,Female,Home and lifestyle,19.38,9,8.721,183.141,19-02-2023,06:21,Ewallet,7.3
INV001085,B,Mandalay,Member,Male,Sports and travel,59.72,8,23.888,501.648,19-02-2023,23:02,Ewallet,5.1
INV001086,C,Naypyitaw,Member,Female,Electronic accessories,45.46,4,9.092,190.932,19-02-2023,09:43,Ewallet,6.0
INV001087,C,Naypyitaw,Normal,Female,Sports and travel,21.12,7,7.392,155.232,19-02-2023,12:09,Credit card,8.5
INV001088,B,Mandalay,Member,Male,Electronic accessories,67.55,4,13.51,283.71,19-02-2023,04:15,Credit card,9.0
INV001089,C,Naypyitaw,Normal,Male,Fashion accessories,56.97,9,25.6365,538.3665,19-02-2023,17:27,Ewallet,5.4
INV001090,C,Naypyitaw,Normal,Female,Sports and travel,49.81,1,2.4905,52.3005,19-02-2023,06:37,Cash,4.4
INV001091,C,Naypyitaw,Normal,Male,Electronic accessories,61.69,2,6.169,129.549,19-02-2023,09:13,Ewallet,7.0
INV001092,A,Yangon,Member,Male,Food and beverages,62.25,7,21.7875,457.5375,19-02-2023,10:51,Credit card,7.4
INV001093,B,Mandalay,Normal,Male,Health and beauty,51.86,7,18.151,381.171,19-02-2023,14:36,Ewallet,9.8
INV001094,B,Mandalay,Normal,Male,Sports and travel,62.49,8,24.996,524.916,19-02-2023,05:03,Credit card,7.0
INV001095,B,Mandalay,Normal,Female,Fashion accessories,50.45,4,10.09,211.89,19-02-2023,23:34,Cash,4.4
INV001096,A,Yangon,Normal,Female,Home and lifestyle,98.74,3,14.811,311.031,19-02-2023,12:06,Credit card,9.7
INV001097,B,Mandalay,Member,Male,Health and beauty,23.34,5,5.835,122.535,19-02-2023,10:07,Credit card,6.5
INV001098,B,Mandalay,Member,Male,Food and beverages,10.14,1,0.507,10.647,19-02-2023,20:28,Ewallet,7.5
INV001099,A,Yangon,Normal,Female,Sports and travel,31.96,3,4.794,100.674,19-02-2023,20:51,Ewallet,7.8
INV001100,C,Naypyitaw,Member,Male,Food and beverages,68.21,9,30.6945,644.5845,19-02-2023,03:53,Ewallet,8.1
INV001101,C,Naypyitaw,Normal,Female,Health and beauty,79.92,7,27.972,587.412,20-02-2023,14:15,Cash,8.4
INV001102,B,Mandalay,Normal,Male,Health and beauty,27.61,8,11.044,231.924,20-02-2023,10:55,Ewallet,9.8
INV001103,B,Mandalay,Member,Male,Fashion accessories,98.61,5,24.6525,517.7025,20-02-2023,03:50,Ewallet,7.7
INV001104,B,Mandalay,Member,Female,Electronic accessories,14.96,4,2.992,62.832,20-02-2023,03:51,Credit card,8.1
INV001105,C,Naypyitaw,Normal,Male,Food and beverages,10.27,9,4.6215,97.0515,20-02-2023,00:23,Credit card,8.3
INV001106,B,Mandalay,Member,Male,Health and beauty,30.61,4,6.122,128.562,20-02-2023,06:11,Credit card,9.4
INV001107,B,Mandalay,Normal,Male,Sports and travel,39.64,8,15.856,332.976,20-02-2023,21:40,Ewallet,4.1
INV001108,B,Mandalay,Normal,Male,Fashion accessories,92.5,6,27.75,582.75,20-02-2023,12:12,Cash,8.7
INV001109,A,Yangon,Member,Female,Food and beverages,92.14,3,13.821,290.241,20-02-2023,20:01,Cash,9.1
INV001110,A,Yangon,Member,Male,Health and beauty,53.02,3,7.953,167.013,20-02-2023,15:15,Ewallet,5.0
INV001111,C,Naypyitaw,Normal,Male,Fashion accessories,19.59,10,9.795,205.695,20-02-2023,17:11,Cash,8.7
INV001112,B,Mandalay,Normal,Male,Food and beverages,44.71,9,20.1195,422.5095,20-02-2023,04:52,Cash,5.9
INV001113,A,Yangon,Normal,Female,Electronic accessories,88.15,8,35.26,740.46,20-02-2023,15:15,Cash,8.8
INV001114,C,Naypyitaw,Member,Female,Sports and travel,81.43,7,28.5005,598.5105,20-02-2023,23:39,Ewallet,9.8
INV001115,B,Mandalay,Member,Male,Food and beverages,24.87,10,12.435,261.135,20-02-2023,16:43,Cash,6.1
INV001116,A,Yangon,Member,Male,Food and beverages,47.33,9,21.2985,447.2685,20-02-2023,03:00,Cash,8.8
INV001117,A,Yangon,Member,Female,Food and beverages,38.0,9,17.1,359.1,20-02-2023,12:11,Cash,6.3
INV001118,A,Yangon,Member,Male,Electronic accessories,16.22,5,4.055,85.155,20-02-2023,10:19,Ewallet,4.4
INV001119,A,Yangon,Normal,Male,Sports and travel,29.72,1,1.486,31.206,20-02-2023,01:02,Ewallet,8.7
INV001120,B,Mandalay,Normal,Male,Home and lifestyle,22.91,6,6.873,144.333,20-02-2023,21:23,Cash,7.9
INV001121,A,Yangon,Normal,Male,Health and beauty,42.65,1,2.1325,44.7825,20-02-2023,06:26,Ewallet,7.0
INV001122,B,Mandalay,Normal,Female,Sports and travel,53.41,6,16.023,336.483,20-02-2023,06:38,Ewallet,6.9
INV001123,A,Yangon,Member,Male,Food and beverages,47.7,2,4.77,100.17,21-02-2023,05:13,Credit card,6.4
INV001124,B,Mandalay,Normal,Male,Fashion accessories,24.34,1,1.217,25.557,21-02-2023,00:59,Ewallet,7.0
INV001125,B,Mandalay,Member,Female,Food and beverages,40.75,10,20.375,427.875,21-02-2023,03:50,Cash,6.8
INV001126,A,Yangon,Normal,Female,Food and beverages,35.74,3,5.361,112.581,21-02-2023,14:10,Cash,7.6
INV001127,C,Naypyitaw,Normal,Male,Food and beverages,58.65,9,26.3925,554.2425,21-02-2023,01:37,Ewallet,9.6
INV001128,C,Naypyitaw,Member,Male,Home and lifestyle,78.35,10,39.175,822.675,21-02-2023,17:47,Cash,6.2
INV001129,C,Naypyitaw,Normal,Male,Electronic accessories,23.86,2,2.386,50.106,21-02-2023,17:38,Credit card,4.0
INV001130,B,Mandalay,Normal,Female,Electronic accessories,11.16,7,3.906,82.026,21-02-2023,08:54,Ewallet,4.4
INV001131,A,Yangon,Normal,Male,Electronic accessories,13.05,7,4.5675,95.9175,21-02-2023,19:39,Ewallet,6.4
INV001132,B,Mandalay,Normal,Male,Home and lifestyle,88.47,1,4.4235,92.8935,21-02-2023,15:49,Cash,6.5
INV001133,C,Naypyitaw,Member,Male,Electronic accessories,56.61,10,28.305,594.405,21-02-2023,04:55,Credit card,4.1
INV001134,A,Yangon,Member,Female,Home and lifestyle,15.62,8,6.248,131.208,21-02-2023,16:19,Cash,6.8
INV001135,C,Naypyitaw,Normal,Female,Health and beauty,67.69,5,16.9225,355.3725,21-02-2023,16:12,Credit card,7.0
INV001136,A,Yangon,Normal,Female,Sports and travel,35.77,10,17.885,375.585,21-02-2023,09:19,Cash,9.3
INV001137,B,Mandalay,Normal,Male,Sports and travel,88.62,9,39.879,837.459,21-02-2023,21:55,Ewallet,8.5
INV001138,A,Yangon,Member,Female,Sports and travel,74.47,9,33.5115,703.7415,21-02-2023,15:44,Ewallet,6.1
INV001139,A,Yangon,Member,Female,Electronic accessories,32.43,4,6.486,136.206,21-02-2023,14:00,Credit card,6.3
INV001140,A,Yangon,Member,Male,Sports and travel,24.27,2,2.427,50.967,21-02-2023,18:58,Ewallet,7.7
INV001141,B,Mandalay,Member,Male,Home and lifestyle,64.26,5,16.065,337.365,21-02-2023,15:59,Ewallet,5.0
INV001142,B,Mandalay,Normal,Female,Fashion accessories,39.15,9,17.6175,369.9675,21-02-2023,16:21,Cash,4.1
INV001143,B,Mandalay,Normal,Male,Sports and travel,24.63,6,7.389,155.169,21-02-2023,06:44,Credit card,4.8
INV001144,C,Naypyitaw,Member,Male,Home and lifestyle,59.51,7,20.8285,437.3985,21-02-2023,17:09,Ewallet,9.8
INV001145,A,Yangon,Normal,Female,Electronic accessories,82.27,4,16.454,345.534,22-02-2023,08:57,Ewallet,6.6
INV001146,C,Naypyitaw,Member,Female,Home and lifestyle,26.46,3,3.969,83.349,22-02-2023,14:23,Ewallet,9.8
INV001147,C,Naypyitaw,Normal,Female,Sports and travel,38.79,8,15.516,325.836,22-02-2023,20:33,Ewallet,6.9
INV001148,B,Mandalay,Member,Female,Electronic accessories,59.14,8,23.656,496.776,22-02-2023,01:27,Ewallet,5.3
INV001149,C,Naypyitaw,Member,Female,Food and beverages,63.88,7,22.358,469.518,22-02-2023,19:38,Ewallet,7.7
INV001150,A,Yangon,Member,Male,Sports and travel,37.95,3,5.6925,119.5425,22-02-2023,08:55,Credit card,4.8
INV001151,A,Yangon,Normal,Female,Home and lifestyle,44.3,6,13.29,279.09,22-02-2023,20:39,Ewallet,6.1
INV001152,C,Naypyitaw,Normal,Female,Electronic accessories,93.98,7,32.893,690.753,22-02-2023,15:59,Cash,7.5
INV001153,B,Mandalay,Member,Female,Food and beverages,85.97,9,38.6865,812.4165,22-02-2023,11:45,Ewallet,8.4
INV001154,B,Mandalay,Normal,Male,Food and beverages,15.46,1,0.773,16.233,22-02-2023,22:45,Cash,4.9
INV001155,B,Mandalay,Member,Female,Food and beverages,15.74,9,7.083,148.743,22-02-2023,16:06,Ewallet,9.0
INV001156,B,Mandalay,Normal,Male,Fashion accessories,84.11,8,33.644,706.524,22-02-2023,00:02,Cash,8.2
INV001157,C,Naypyitaw,Normal,Female,Electronic accessories,10.39,10,5.195,109.095,22-02-2023,09:30,Ewallet,8.8
INV001158,B,Mandalay,Member,Female,Health and beauty,93.06,9,41.877,879.417,22-02-2023,13:20,Credit card,7.3
INV001159,C,Naypyitaw,Member,Female,Sports and travel,48.17,4,9.634,202.314,22-02-2023,13:43,Ewallet,6.4
INV001160,A,Yangon,Normal,Female,Sports and travel,22.46,9,10.107,212.247,22-02-2023,20:23,Cash,4.5
INV001161,B,Mandalay,Member,Male,Fashion accessories,79.47,4,15.894,333.774,22-02-2023,06:10,Cash,9.2
INV001162,B,Mandalay,Member,Female,Electronic accessories,48.1,7,16.835,353.535,22-02-2023,23:03,Ewallet,8.8
INV001163,A,Yangon,Normal,Male,Health and beauty,96.75,1,4.8375,101.5875,22-02-2023,00:12,Cash,7.2
INV001164,A,Yangon,Normal,Female,Health and beauty,24.02,1,1.201,25.221,22-02-2023,12:41,Cash,5.0
INV001165,A,Yangon,Normal,Female,Food and beverages,30.24,2,3.024,63.504,22-02-2023,09:34,Ewallet,4.9
INV001166,B,Mandalay,Member,Female,Health and beauty,37.89,4,7.578,159.138,22-02-2023,08:02,Ewallet,8.9
INV001167,A,Yangon,Member,Male,Food and beverages,31.87,4,6.374,133.854,23-02-2023,16:32,Ewallet,8.9
INV001168,A,Yangon,Normal,Male,Food and beverages,38.72,10,19.36,406.56,23-02-2023,09:57,Credit card,7.7
INV001169,B,Mandalay,Member,Male,Home and lifestyle,50.1,10,25.05,526.05,23-02-2023,23:52,Credit card,8.8
INV001170,C,Naypyitaw,Member,Female,Home and lifestyle,58.9,4,11.78,247.38,23-02-2023,13:02,Ewallet,4.5
INV001171,C,Naypyitaw,Normal,Female,Sports and travel,74.12,7,25.942,544.782,23-02-2023,23:35,Ewallet,8.5
INV001172,C,Naypyitaw,Normal,Male,Sports and travel,71.99,3,10.7985,226.7685,23-02-2023,13:37,Cash,6.8
INV001173,C,Naypyitaw,Normal,Female,Sports and travel,36.35,5,9.0875,190.8375,23-02-2023,10:20,Credit card,4.6
INV001174,B,Mandalay,Normal,Male,Sports and travel,74.52,9,33.534,704.214,23-02-2023,11:58,Cash,6.0
INV001175,A,Yangon,Normal,Male,Food and beverages,61.58,6,18.474,387.954,23-02-2023,11:57,Cash,8.0
INV001176,B,Mandalay,Member,Female,Home and lifestyle,64.9,3,9.735,204.435,23-02-2023,06:46,Cash,8.8
INV001177,A,Yangon,Normal,Male,Electronic accessories,87.66,2,8.766,184.086,23-02-2023,03:15,Credit card,6.2
INV001178,A,Yangon,Member,Female,Electronic accessories,31.74,3,4.761,99.981,23-02-2023,22:20,Cash,8.3
INV001179,A,Yangon,Normal,Male,Sports and travel,28.84,8,11.536,242.256,23-02-2023,13:09,Cash,6.5
INV001180,C,Naypyitaw,Member,Male,Fashion accessories,48.48,10,24.24,509.04,23-02-2023,00:33,Credit card,5.8
INV001181,A,Yangon,Normal,Female,Health and beauty,41.84,6,12.552,263.592,23-02-2023,23:50,Ewallet,5.2
INV001182,B,Mandalay,Normal,Female,Sports and travel,75.59,8,30.236,634.956,23-02-2023,08:06,Credit card,5.7
INV001183,B,Mandalay,Member,Male,Electronic accessories,33.69,5,8.4225,176.8725,23-02-2023,23:14,Cash,8.4
INV001184,B,Mandalay,Normal,Male,Health and beauty,28.2,7,9.87,207.27,23-02-2023,23:01,Cash,6.0
INV001185,B,Mandalay,Member,Male,Health and beauty,45.51,5,11.3775,238.9275,23-02-2023,07:23,Ewallet,7.7
INV001186,C,Naypyitaw,Member,Female,Electronic accessories,72.49,5,18.1225,380.5725,23-02-2023,18:00,Ewallet,9.6
INV001187,C,Naypyitaw,Normal,Female,Home and lifestyle,21.1,7,7.385,155.085,23-02-2023,08:33,Credit card,8.8
INV001188,C,Naypyitaw,Member,Female,Electronic accessories,56.97,7,19.9395,418.7295,23-02-2023,15:42,Cash,6.0
INV001189,C,Naypyitaw,Normal,Male,Home and lifestyle,93.46,2,9.346,196.266,24-02-2023,04:12,Cash,7.9
INV001190,B,Mandalay,Member,Male,Home and lifestyle,47.0,10,23.5,493.5,24-02-2023,12:39,Credit card,5.5
INV001191,C,Naypyitaw,Normal,Female,Sports and travel,32.45,1,1.6225,34.0725,24-02-2023,19:37,Cash,8.8
INV001192,C,Naypyitaw,Normal,Female,Electronic accessories,63.04,10,31.52,661.92,24-02-2023,06:09,Ewallet,7.8
INV001193,C,Naypyitaw,Normal,Male,Food and beverages,84.24,7,29.484,619.164,24-02-2023,15:37,Cash,4.8
INV001194,C,Naypyitaw,Member,Male,Food and beverages,93.01,5,23.2525,488.3025,24-02-2023,03:36,Cash,6.4
INV001195,B,Mandalay,Normal,Male,Fashion accessories,42.8,3,6.42,134.82,24-02-2023,01:32,Ewallet,7.2
INV001196,C,Naypyitaw,Member,Female,Fashion accessories,86.13,1,4.3065,90.4365,24-02-2023,03:48,Cash,7.3
INV001197,C,Naypyitaw,Normal,Male,Home and lifestyle,48.21,9,21.6945,455.5845,24-02-2023,19:01,Ewallet,8.0
INV001198,C,Naypyitaw,Normal,Male,Food and beverages,37.66,1,1.883,39.543,24-02-2023,18:32,Credit card,6.8
INV001199,C,Naypyitaw,Normal,Male,Fashion accessories,28.34,8,11.336,238.056,24-02-2023,22:21,Credit card,8.1
INV001200,C,Naypyitaw,Normal,Male,Sports and travel,63.34,3,9.501,199.521,24-02-2023,23:12,Ewallet,7.0
INV001201,B,Mandalay,Normal,Female,Fashion accessories,90.89,9,40.9005,858.9105,24-02-2023,06:36,Ewallet,7.8
INV001202,C,Naypyitaw,Member,Male,Home and lifestyle,31.98,6,9.594,201.474,24-02-2023,10:20,Cash,7.2
INV001203,C,Naypyitaw,Member,Female,Fashion accessories,50.18,6,15.054,316.134,24-02-2023,21:19,Cash,8.4
INV001204,C,Naypyitaw,Member,Female,Home and lifestyle,75.37,8,30.148,633.108,24-02-2023,02:13,Cash,6.0
INV001205,A,Yangon,Member,Female,Food and beverages,84.85,6,25.455,534.555,24-02-2023,23:55,Cash,9.5
INV001206,C,Naypyitaw,Member,Male,Fashion accessories,37.38,8,14.952,313.992,24-02-2023,04:38,Ewallet,5.8
INV001207,B,Mandalay,Member,Female,Fashion accessories,25.05,9,11.2725,236.7225,24-02-2023,05:59,Ewallet,6.7
INV001208,C,Naypyitaw,Normal,Male,Health and beauty,13.98,5,3.495,73.395,24-02-2023,05:24,Ewallet,5.7
INV001209,A,Yangon,Normal,Male,Fashion accessories,74.03,9,33.3135,699.5835,24-02-2023,02:11,Ewallet,7.2
INV001210,A,Yangon,Member,Male,Sports and travel,93.92,9,42.264,887.544,24-02-2023,17:51,Credit card,8.4
INV001211,C,Naypyitaw,Normal,Female,Sports and travel,80.77,2,8.077,169.617,25-02-2023,21:40,Cash,8.0
INV001212,C,Naypyitaw,Member,Male,Sports and travel,18.77,4,3.754,78.834,25-02-2023,19:42,Ewallet,6.0
INV001213,A,Yangon,Member,Female,Electronic accessories,53.92,6,16.176,339.696,25-02-2023,08:48,Cash,5.6
INV001214,C,Naypyitaw,Normal,Male,Health and beauty,90.47,8,36.188,759.948,25-02-2023,11:32,Cash,8.7
INV001215,B,Mandalay,Member,Female,Electronic accessories,64.84,2,6.484,136.164,25-02-2023,17:08,Cash,5.1
INV001216,B,Mandalay,Normal,Male,Electronic accessories,40.06,8,16.024,336.504,25-02-2023,03:26,Cash,8.6
INV001217,C,Naypyitaw,Normal,Male,Food and beverages,28.8,5,7.2,151.2,25-02-2023,18:13,Ewallet,6.8
INV001218,B,Mandalay,Normal,Male,Health and beauty,77.8,10,38.9,816.9,25-02-2023,11:27,Credit card,8.5
INV001219,B,Mandalay,Normal,Female,Home and lifestyle,20.0,10,10.0,210.0,25-02-2023,10:15,Credit card,5.2
INV001220,A,Yangon,Normal,Female,Home and lifestyle,24.48,8,9.792,205.632,25-02-2023,12:41,Cash,7.1
INV001221,B,Mandalay,Member,Female,Sports and travel,16.18,2,1.618,33.978,25-02-2023,14:38,Credit card,5.5
INV001222,C,Naypyitaw,Member,Male,Electronic accessories,14.46,8,5.784,121.464,25-02-2023,04:41,Cash,7.9
INV001223,B,Mandalay,Member,Male,Health and beauty,25.87,9,11.6415,244.4715,25-02-2023,08:22,Credit card,7.7
INV001224,A,Yangon,Normal,Female,Home and lifestyle,69.17,2,6.917,145.257,25-02-2023,16:06,Ewallet,7.5
INV001225,B,Mandalay,Member,Female,Fashion accessories,35.49,6,10.647,223.587,25-02-2023,18:31,Cash,6.4
INV001226,A,Yangon,Normal,Male,Health and beauty,37.78,1,1.889,39.669,25-02-2023,07:49,Ewallet,5.8
INV001227,A,Yangon,Normal,Female,Health and beauty,72.45,4,14.49,304.29,25-02-2023,16:41,Ewallet,9.4
INV001228,C,Naypyitaw,Normal,Female,Fashion accessories,84.24,7,29.484,619.164,25-02-2023,19:16,Ewallet,7.7
INV001229,C,Naypyitaw,Normal,Male,Food and beverages,98.88,5,24.72,519.12,25-02-2023,16:47,Cash,9.0
INV001230,B,Mandalay,Member,Male,Health and beauty,35.87,1,1.7935,37.6635,25-02-2023,06:07,Ewallet,8.4
INV001231,A,Yangon,Member,Female,Fashion accessories,44.34,7,15.519,325.899,25-02-2023,06:21,Cash,4.3
INV001232,B,Mandalay,Normal,Male,Fashion accessories,38.36,4,7.672,161.112,25-02-2023,12:55,Cash,4.9
INV001233,A,Yangon,Normal,Female,Electronic accessories,43.84,5,10.96,230.16,26-02-2023,12:10,Cash,6.1
INV001234,B,Mandalay,Member,Male,Sports and travel,53.34,4,10.668,224.028,26-02-2023,08:40,Credit card,8.3
INV001235,A,Yangon,Normal,Female,Fashion accessories,74.53,1,3.7265,78.2565,26-02-2023,15:55,Credit card,8.9
INV001236,B,Mandalay,Normal,Male,Electronic accessories,19.43,3,2.9145,61.2045,26-02-2023,19:35,Ewallet,4.0
INV001237,B,Mandalay,Member,Male,Health and beauty,10.24,4,2.048,43.008,26-02-2023,00:15,Cash,7.8
INV001238,A,Yangon,Normal,Male,Fashion accessories,84.05,5,21.0125,441.2625,26-02-2023,13:26,Ewallet,4.4
INV001239,C,Naypyitaw,Normal,Male,Electronic accessories,94.6,1,4.73,99.33,26-02-2023,02:44,Credit card,5.1
INV001240,A,Yangon,Member,Male,Food and beverages,15.49,2,1.549,32.529,26-02-2023,03:28,Ewallet,5.5
INV001241,C,Naypyitaw,Member,Female,Fashion accessories,32.62,7,11.417,239.757,26-02-2023,15:59,Cash,4.4
INV001242,C,Naypyitaw,Normal,Female,Electronic accessories,98.01,9,44.1045,926.1945,26-02-2023,13:21,Ewallet,9.6
INV001243,C,Naypyitaw,Normal,Female,Health and beauty,49.24,9,22.158,465.318,26-02-2023,09:49,Credit card,4.2
INV001244,C,Naypyitaw,Member,Female,Sports and travel,51.75,2,5.175,108.675,26-02-2023,03:07,Ewallet,4.9
INV001245,A,Yangon,Member,Female,Home and lifestyle,20.3,3,3.045,63.945,26-02-2023,07:54,Credit card,7.8
INV001246,C,Naypyitaw,Normal,Female,Sports and travel,54.92,5,13.73,288.33,26-02-2023,22:44,Credit card,9.0
INV001247,C,Naypyitaw,Member,Female,Fashion accessories,73.18,10,36.59,768.39,26-02-2023,13:20,Cash,9.1
INV001248,C,Naypyitaw,Member,Male,Home and lifestyle,23.87,1,1.1935,25.0635,26-02-2023,11:23,Cash,6.0
INV001249,B,Mandalay,Normal,Female,Home and lifestyle,29.68,5,7.42,155.82,26-02-2023,19:17,Ewallet,4.1
INV001250,A,Yangon,Member,Female,Home and lifestyle,46.18,6,13.854,290.934,26-02-2023,06:47,Credit card,7.1
INV001251,A,Yangon,Normal,Male,Fashion accessories,33.4,10,16.7,350.7,26-02-2023,11:00,Ewallet,5.5
INV001252,C,Naypyitaw,Member,Male,Food and beverages,30.28,7,10.598,222.558,26-02-2023,18:04,Ewallet,9.0
INV001253,A,Yangon,Member,Male,Electronic accessories,86.47,8,34.588,726.348,26-02-2023,13:15,Cash,9.8
INV001254,B,Mandalay,Normal,Female,Fashion accessories,24.7,8,9.88,207.48,26-02-2023,09:10,Cash,5.7
INV001255,C,Naypyitaw,Normal,Male,Home and lifestyle,60.08,3,9.012,189.252,27-02-2023,15:09,Cash,5.4
INV001256,B,Mandalay,Normal,Female,Food and beverages,71.27,2,7.127,149.667,27-02-2023,07:37,Ewallet,9.6
INV001257,A,Yangon,Member,Female,Home and lifestyle,53.04,1,2.652,55.692,27-02-2023,04:55,Ewallet,4.8
INV001258,C,Naypyitaw,Normal,Female,Home and lifestyle,57.24,7,20.034,420.714,27-02-2023,03:40,Ewallet,5.7
INV001259,A,Yangon,Member,Female,Food and beverages,92.04,10,46.02,966.42,27-02-2023,15:48,Ewallet,7.9
INV001260,B,Mandalay,Normal,Female,Sports and travel,33.37,9,15.0165,315.3465,27-02-2023,08:16,Credit card,4.3
INV001261,A,Yangon,Normal,Male,Home and lifestyle,50.52,3,7.578,159.138,27-02-2023,22:36,Cash,6.5
INV001262,C,Naypyitaw,Member,Female,Fashion accessories,62.26,4,12.452,261.492,27-02-2023,23:40,Ewallet,5.9
INV001263,B,Mandalay,Normal,Female,Electronic accessories,35.41,3,5.3115,111.5415,27-02-2023,23:28,Credit card,9.8
INV001264,C,Naypyitaw,Member,Female,Fashion accessories,47.99,3,7.1985,151.1685,27-02-2023,11:30,Ewallet,8.5
INV001265,C,Naypyitaw,Normal,Male,Food and beverages,55.07,8,22.028,462.588,27-02-2023,23:38,Credit card,7.0
INV001266,B,Mandalay,Normal,Female,Electronic accessories,54.5,2,5.45,114.45,27-02-2023,10:48,Cash,6.5
INV001267,A,Yangon,Member,Female,Food and beverages,75.32,7,26.362,553.602,27-02-2023,22:59,Cash,8.8
INV001268,A,Yangon,Normal,Female,Food and beverages,33.2,5,8.3,174.3,27-02-2023,06:17,Ewallet,7.3
INV001269,C,Naypyitaw,Member,Female,Sports and travel,33.88,5,8.47,177.87,27-02-2023,04:34,Cash,8.1
INV001270,A,Yangon,Member,Female,Fashion accessories,12.93,9,5.8185,122.1885,27-02-2023,21:08,Ewallet,8.1
INV001271,B,Mandalay,Member,Male,Health and beauty,93.02,5,23.255,488.355,27-02-2023,21:05,Ewallet,7.0
INV001272,B,Mandalay,Member,Female,Home and lifestyle,31.6,1,1.58,33.18,27-02-2023,21:35,Cash,9.6
INV001273,A,Yangon,Normal,Male,Health and beauty,75.18,8,30.072,631.512,27-02-2023,07:59,Credit card,9.9
INV001274,A,Yangon,Normal,Male,Electronic accessories,25.63,8,10.252,215.292,27-02-2023,19:30,Cash,7.1
INV001275,A,Yangon,Member,Female,Home and lifestyle,19.48,5,4.87,102.27,27-02-2023,07:07,Ewallet,6.6
INV001276,A,Yangon,Member,Male,Sports and travel,67.59,8,27.036,567.756,27-02-2023,13:19,Ewallet,4.5
INV001277,B,Mandalay,Normal,Female,Food and beverages,53.44,4,10.688,224.448,28-02-2023,02:45,Credit card,9.6
INV001278,A,Yangon,Member,Male,Fashion accessories,79.08,8,31.632,664.272,28-02-2023,10:43,Cash,5.8
INV001279,C,Naypyitaw,Member,Male,Electronic accessories,62.84,2,6.284,131.964,28-02-2023,18:00,Ewallet,9.0
INV001280,A,Yangon,Normal,Female,Food and beverages,72.01,9,32.4045,680.4945,28-02-2023,01:29,Cash,6.1
INV001281,C,Naypyitaw,Normal,Female,Fashion accessories,27.66,3,4.149,87.129,28-02-2023,18:59,Credit card,7.4
INV001282,C,Naypyitaw,Member,Female,Sports and travel,24.47,10,12.235,256.935,28-02-2023,21:41,Ewallet,4.1
INV001283,B,Mandalay,Member,Female,Home and lifestyle,80.07,4,16.014,336.294,28-02-2023,08:20,Cash,8.7
INV001284,B,Mandalay,Member,Male,Home and lifestyle,10.6,7,3.71,77.91,28-02-2023,16:08,Credit card,4.3
INV001285,C,Naypyitaw,Normal,Female,Food and beverages,16.99,8,6.796,142.716,28-02-2023,14:36,Ewallet,6.4
INV001286,C,Naypyitaw,Normal,Female,Sports and travel,97.07,7,33.9745,713.4645,28-02-2023,08:08,Cash,6.0
INV001287,A,Yangon,Member,Male,Sports and travel,28.27,9,12.7215,267.1515,28-02-2023,18:26,Cash,5.0
INV001288,A,Yangon,Member,Female,Electronic accessories,79.29,8,31.716,666.036,28-02-2023,03:13,Cash,8.9
INV001289,C,Naypyitaw,Normal,Female,Home and lifestyle,69.93,10,34.965,734.265,28-02-2023,17:34,Credit card,5.1
INV001290,A,Yangon,Normal,Female,Electronic accessories,81.36,2,8.136,170.856,28-02-2023,01:19,Credit card,9.8
INV001291,C,Naypyitaw,Member,Male,Food and beverages,76.1,9,34.245,719.145,28-02-2023,19:58,Cash,6.5
INV001292,B,Mandalay,Member,Male,Electronic accessories,91.01,4,18.202,382.242,28-02-2023,13:49,Ewallet,6.0
INV001293,B,Mandalay,Member,Male,Fashion accessories,50.18,2,5.018,105.378,28-02-2023,01:17,Ewallet,5.3
INV001294,A,Yangon,Member,Female,Food and beverages,87.42,8,34.968,734.328,28-02-2023,14:24,Cash,7.2
INV001295,A,Yangon,Member,Male,Health and beauty,84.34,4,16.868,354.228,28-02-2023,19:44,Ewallet,5.4
INV001296,A,Yangon,Member,Male,Electronic accessories,52.08,7,18.228,382.788,28-02-2023,03:59,Credit card,9.6
INV001297,A,Yangon,Member,Female,Food and beverages,35.75,8,14.3,300.3,28-02-2023,17:56,Ewallet,9.5
INV001298,C,Naypyitaw,Normal,Female,Electronic accessories,57.19,10,28.595,600.495,28-02-2023,14:11,Credit card,6.7
INV001299,A,Yangon,Normal,Male,Food and beverages,80.46,3,12.069,253.449,01-03-2023,08:12,Credit card,8.6
INV001300,B,Mandalay,Member,Female,Sports and travel,75.65,2,7.565,158.865,01-03-2023,16:01,Credit card,4.8
INV001301,A,Yangon,Normal,Female,Health and beauty,49.45,4,9.89,207.69,01-03-2023,22:57,Cash,9.0
INV001302,B,Mandalay,Normal,Female,Sports and travel,69.2,6,20.76,435.96,01-03-2023,15:34,Credit card,7.6
INV001303,A,Yangon,Member,Male,Fashion accessories,17.09,3,2.5635,53.8335,01-03-2023,05:49,Credit card,6.9
INV001304,B,Mandalay,Normal,Female,Health and beauty,94.26,5,23.565,494.865,01-03-2023,20:12,Ewallet,6.2
INV001305,A,Yangon,Member,Female,Home and lifestyle,52.42,9,23.589,495.369,01-03-2023,10:13,Cash,8.6
INV001306,B,Mandalay,Normal,Female,Health and beauty,92.58,2,9.258,194.418,01-03-2023,21:30,Cash,6.5
INV001307,C,Naypyitaw,Member,Female,Fashion accessories,63.77,8,25.508,535.668,01-03-2023,00:07,Cash,4.1
INV001308,A,Yangon,Normal,Male,Sports and travel,68.2,6,20.46,429.66,01-03-2023,12:32,Credit card,7.7
INV001309,B,Mandalay,Normal,Male,Home and lifestyle,37.7,4,7.54,158.34,01-03-2023,21:49,Credit card,7.1
INV001310,B,Mandalay,Member,Female,Electronic accessories,65.46,8,26.184,549.864,01-03-2023,14:52,Ewallet,8.5
INV001311,B,Mandalay,Normal,Female,Home and lifestyle,90.44,5,22.61,474.81,01-03-2023,04:35,Cash,6.9
INV001312,C,Naypyitaw,Normal,Female,Home and lifestyle,38.19,9,17.1855,360.8955,01-03-2023,03:02,Cash,5.4
INV001313,A,Yangon,Normal,Female,Sports and travel,76.94,2,7.694,161.574,01-03-2023,16:34,Credit card,9.6
INV001314,B,Mandalay,Normal,Female,Sports and travel,97.48,7,34.118,716.478,01-03-2023,12:22,Ewallet,6.7
INV001315,A,Yangon,Normal,Female,Health and beauty,40.97,8,16.388,344.148,01-03-2023,04:30,Credit card,6.5
INV001316,A,Yangon,Normal,Female,Home and lifestyle,19.6,8,7.84,164.64,01-03-2023,17:42,Ewallet,6.2
INV001317,B,Mandalay,Normal,Male,Electronic accessories,33.63,1,1.6815,35.3115,01-03-2023,09:20,Ewallet,7.2
INV001318,C,Naypyitaw,Member,Male,Health and beauty,28.8,4,5.76,120.96,01-03-2023,22:45,Ewallet,7.2
INV001319,B,Mandalay,Normal,Female,Health and beauty,59.49,7,20.8215,437.2515,01-03-2023,17:18,Cash,4.6
INV001320,A,Yangon,Member,Female,Home and lifestyle,18.38,8,7.352,154.392,01-03-2023,17:30,Credit card,8.1
INV001321,C,Naypyitaw,Member,Male,Food and beverages,22.95,2,2.295,48.195,02-03-2023,00:55,Cash,8.1
INV001322,B,Mandalay,Member,Male,Sports and travel,20.97,4,4.194,88.074,02-03-2023,07:20,Ewallet,7.9
INV001323,C,Naypyitaw,Normal,Female,Food and beverages,51.77,7,18.1195,380.5095,02-03-2023,19:55,Cash,4.4
INV001324,B,Mandalay,Normal,Female,Health and beauty,85.21,5,21.3025,447.3525,02-03-2023,04:54,Ewallet,5.7
INV001325,A,Yangon,Normal,Male,Sports and travel,42.6,3,6.39,134.19,02-03-2023,23:44,Ewallet,6.7
INV001326,B,Mandalay,Normal,Male,Fashion accessories,91.48,1,4.574,96.054,02-03-2023,17:55,Cash,6.7
INV001327,B,Mandalay,Member,Female,Home and lifestyle,30.25,6,9.075,190.575,02-03-2023,18:37,Ewallet,4.4
INV001328,B,Mandalay,Member,Female,Fashion accessories,74.76,3,11.214,235.494,02-03-2023,17:42,Cash,5.5
INV001329,B,Mandalay,Member,Male,Home and lifestyle,18.59,9,8.3655,175.6755,02-03-2023,23:04,Ewallet,4.1
INV001330,C,Naypyitaw,Normal,Female,Food and beverages,92.71,5,23.1775,486.7275,02-03-2023,09:56,Cash,5.5
INV001331,B,Mandalay,Normal,Female,Sports and travel,85.75,5,21.4375,450.1875,02-03-2023,12:35,Ewallet,8.7
INV001332,A,Yangon,Member,Male,Sports and travel,96.86,6,29.058,610.218,02-03-2023,22:06,Ewallet,7.4
INV001333,B,Mandalay,Normal,Female,Food and beverages,38.04,1,1.902,39.942,02-03-2023,09:00,Ewallet,8.1
INV001334,B,Mandalay,Normal,Male,Fashion accessories,66.16,2,6.616,138.936,02-03-2023,03:52,Cash,7.6
INV001335,C,Naypyitaw,Member,Male,Food and beverages,62.43,3,9.3645,196.6545,02-03-2023,07:23,Cash,8.6
INV001336,A,Yangon,Normal,Male,Sports and travel,34.36,4,6.872,144.312,02-03-2023,10:58,Ewallet,9.8
INV001337,A,Yangon,Normal,Male,Health and beauty,11.77,2,1.177,24.717,02-03-2023,16:32,Credit card,8.8
INV001338,B,Mandalay,Normal,Male,Fashion accessories,54.62,7,19.117,401.457,02-03-2023,12:26,Ewallet,5.8
INV001339,C,Naypyitaw,Normal,Male,Fashion accessories,17.87,5,4.4675,93.8175,02-03-2023,01:44,Ewallet,6.2
INV001340,B,Mandalay,Normal,Male,Food and beverages,73.99,9,33.2955,699.2055,02-03-2023,11:06,Ewallet,7.5
INV001341,A,Yangon,Normal,Female,Sports and travel,62.06,10,31.03,651.63,02-03-2023,11:34,Credit card,9.0
INV001342,A,Yangon,Member,Male,Fashion accessories,18.78,6,5.634,118.314,02-03-2023,09:58,Cash,4.0
INV001343,A,Yangon,Normal,Female,Food and beverages,97.07,4,19.414,407.694,03-03-2023,23:44,Ewallet,4.3
INV001344,B,Mandalay,Normal,Female,Home and lifestyle,42.75,10,21.375,448.875,03-03-2023,13:53,Credit card,4.0
INV001345,A,Yangon,Member,Male,Electronic accessories,47.15,2,4.715,99.015,03-03-2023,00:08,Credit card,5.2
INV001346,C,Naypyitaw,Normal,Female,Electronic accessories,59.37,5,14.8425,311.6925,03-03-2023,21:18,Credit card,6.5
INV001347,B,Mandalay,Member,Female,Health and beauty,80.0,7,28.0,588.0,03-03-2023,05:45,Credit card,5.8
INV001348,C,Naypyitaw,Member,Female,Electronic accessories,41.49,2,4.149,87.129,03-03-2023,14:10,Ewallet,8.7
INV001349,A,Yangon,Member,Female,Fashion accessories,45.82,10,22.91,481.11,03-03-2023,10:05,Credit card,6.7
INV001350,B,Mandalay,Normal,Female,Fashion accessories,92.54,2,9.254,194.334,03-03-2023,14:39,Cash,8.1
INV001351,A,Yangon,Normal,Female,Health and beauty,16.44,6,4.932,103.572,03-03-2023,14:45,Cash,4.6
INV001352,C,Naypyitaw,Normal,Female,Home and lifestyle,95.23,8,38.092,799.932,03-03-2023,19:44,Ewallet,6.3
INV001353,B,Mandalay,Member,Female,Sports and travel,21.08,1,1.054,22.134,03-03-2023,00:05,Cash,6.8
INV001354,B,Mandalay,Member,Female,Electronic accessories,55.66,10,27.83,584.43,03-03-2023,18:58,Credit card,8.7
INV001355,B,Mandalay,Member,Male,Home and lifestyle,89.52,3,13.428,281.988,03-03-2023,06:07,Ewallet,9.9
INV001356,B,Mandalay,Normal,Male,Health and beauty,82.03,5,20.5075,430.6575,03-03-2023,16:51,Credit card,6.0
INV001357,C,Naypyitaw,Member,Female,Health and beauty,96.26,9,43.317,909.657,03-03-2023,08:23,Cash,7.9
INV001358,C,Naypyitaw,Normal,Female,Fashion accessories,13.74,8,5.496,115.416,03-03-2023,05:02,Credit card,7.4
INV001359,B,Mandalay,Member,Female,Sports and travel,83.48,2,8.348,175.308,03-03-2023,19:37,Ewallet,7.9
INV001360,C,Naypyitaw,Member,Male,Sports and travel,76.37,5,19.0925,400.9425,03-03-2023,17:41,Ewallet,8.5
INV001361,B,Mandalay,Member,Female,Sports and travel,89.16,9,40.122,842.562,03-03-2023,16:13,Cash,9.4
INV001362,C,Naypyitaw,Member,Male,Electronic accessories,50.58,7,17.703,371.763,03-03-2023,10:33,Credit card,9.1
INV001363,B,Mandalay,Member,Male,Home and lifestyle,64.6,9,29.07,610.47,03-03-2023,16:14,Credit card,8.4
INV001364,B,Mandalay,Normal,Male,Electronic accessories,82.48,2,8.248,173.208,03-03-2023,22:36,Ewallet,7.5
INV001365,A,Yangon,Member,Male,Fashion accessories,11.82,8,4.728,99.288,04-03-2023,19:50,Cash,8.2
INV001366,B,Mandalay,Member,Female,Home and lifestyle,56.64,2,5.664,118.944,04-03-2023,02:54,Credit card,8.1
INV001367,A,Yangon,Member,Female,Health and beauty,39.08,3,5.862,123.102,04-03-2023,13:14,Credit card,8.4
INV001368,B,Mandalay,Member,Male,Home and lifestyle,17.33,1,0.8665,18.1965,04-03-2023,14:34,Ewallet,9.0
INV001369,B,Mandalay,Normal,Female,Electronic accessories,12.28,1,0.614,12.894,04-03-2023,12:03,Cash,8.3
INV001370,A,Yangon,Normal,Female,Food and beverages,51.17,7,17.9095,376.0995,04-03-2023,18:02,Credit card,5.3
INV001371,A,Yangon,Normal,Male,Sports and travel,78.22,5,19.555,410.655,04-03-2023,16:45,Cash,8.3
INV001372,A,Yangon,Member,Female,Health and beauty,39.1,9,17.595,369.495,04-03-2023,14:06,Cash,7.0
INV001373,C,Naypyitaw,Normal,Female,Food and beverages,72.83,8,29.132,611.772,04-03-2023,00:26,Credit card,6.6
INV001374,C,Naypyitaw,Normal,Male,Fashion accessories,16.32,5,4.08,85.68,04-03-2023,17:33,Ewallet,8.5
INV001375,B,Mandalay,Normal,Female,Food and beverages,63.12,5,15.78,331.38,04-03-2023,19:28,Ewallet,9.8
INV001376,C,Naypyitaw,Normal,Female,Home and lifestyle,15.91,1,0.7955,16.7055,04-03-2023,07:47,Ewallet,5.9
INV001377,C,Naypyitaw,Normal,Male,Fashion accessories,28.8,7,10.08,211.68,04-03-2023,06:05,Cash,7.5
INV001378,C,Naypyitaw,Normal,Female,Home and lifestyle,73.19,1,3.6595,76.8495,04-03-2023,14:19,Cash,6.0
INV001379,A,Yangon,Member,Male,Fashion accessories,56.38,9,25.371,532.791,04-03-2023,15:04,Cash,7.3
INV001380,C,Naypyitaw,Member,Female,Electronic accessories,40.56,6,12.168,255.528,04-03-2023,10:09,Ewallet,9.4
INV001381,B,Mandalay,Normal,Female,Sports and travel,21.34,4,4.268,89.628,04-03-2023,09:02,Cash,9.9
INV001382,C,Naypyitaw,Normal,Male,Food and beverages,38.63,1,1.9315,40.5615,04-03-2023,14:26,Credit card,4.8
INV001383,B,Mandalay,Normal,Male,Electronic accessories,32.61,6,9.783,205.443,04-03-2023,17:16,Credit card,7.3
INV001384,C,Naypyitaw,Member,Female,Food and beverages,28.75,9,12.9375,271.6875,04-03-2023,11:44,Credit card,6.4
INV001385,A,Yangon,Normal,Female,Fashion accessories,76.6,7,26.81,563.01,04-03-2023,23:56,Credit card,5.5
INV001386,B,Mandalay,Normal,Female,Sports and travel,45.35,4,9.07,190.47,04-03-2023,06:11,Ewallet,5.0
INV001387,C,Naypyitaw,Member,Female,Sports and travel,95.64,10,47.82,1004.22,05-03-2023,08:31,Credit card,4.3
INV001388,C,Naypyitaw,Normal,Male,Food and beverages,37.09,2,3.709,77.889,05-03-2023,04:03,Credit card,6.7
INV001389,B,Mandalay,Normal,Male,Home and lifestyle,60.9,1,3.045,63.945,05-03-2023,02:23,Cash,5.7
INV001390,B,Mandalay,Member,Male,Electronic accessories,97.54,2,9.754,204.834,05-03-2023,19:50,Credit card,9.1
INV001391,C,Naypyitaw,Member,Female,Sports and travel,48.46,10,24.23,508.83,05-03-2023,00:23,Cash,7.4
INV001392,C,Naypyitaw,Member,Male,Fashion accessories,49.55,9,22.2975,468.2475,05-03-2023,20:25,Ewallet,8.2
INV001393,A,Yangon,Normal,Male,Food and beverages,16.55,7,5.7925,121.6425,05-03-2023,12:54,Cash,8.2
INV001394,C,Naypyitaw,Normal,Female,Health and beauty,11.32,7,3.962,83.202,05-03-2023,22:45,Credit card,4.6
INV001395,C,Naypyitaw,Member,Male,Electronic accessories,37.46,6,11.238,235.998,05-03-2023,22:50,Ewallet,9.3
INV001396,B,Mandalay,Normal,Female,Sports and travel,21.87,4,4.374,91.854,05-03-2023,07:53,Ewallet,4.3
INV001397,A,Yangon,Member,Female,Food and beverages,84.12,2,8.412,176.652,05-03-2023,15:44,Ewallet,8.0
INV001398,A,Yangon,Normal,Female,Electronic accessories,89.91,8,35.964,755.244,05-03-2023,21:33,Ewallet,5.2
INV001399,A,Yangon,Member,Female,Electronic accessories,30.57,4,6.114,128.394,05-03-2023,18:17,Ewallet,9.1
INV001400,A,Yangon,Normal,Male,Health and beauty,66.43,9,29.8935,627.7635,05-03-2023,19:27,Credit card,8.5
INV001401,C,Naypyitaw,Member,Male,Food and beverages,79.08,4,15.816,332.136,05-03-2023,00:12,Ewallet,8.7
INV001402,A,Yangon,Normal,Male,Home and lifestyle,11.64,7,4.074,85.554,05-03-2023,23:11,Cash,4.1
INV001403,C,Naypyitaw,Normal,Female,Sports and travel,67.97,1,3.3985,71.3685,05-03-2023,15:12,Cash,5.1
INV001404,B,Mandalay,Member,Male,Fashion accessories,14.26,5,3.565,74.865,05-03-2023,18:47,Credit card,5.5
INV001405,A,Yangon,Normal,Male,Health and beauty,94.4,2,9.44,198.24,05-03-2023,09:30,Credit card,7.0
INV001406,B,Mandalay,Member,Male,Fashion accessories,34.03,4,6.806,142.926,05-03-2023,22:03,Ewallet,9.8
INV001407,C,Naypyitaw,Normal,Male,Home and lifestyle,74.3,10,37.15,780.15,05-03-2023,08:25,Ewallet,4.1
INV001408,B,Mandalay,Member,Male,Health and beauty,40.17,5,10.0425,210.8925,05-03-2023,11:19,Ewallet,5.0
INV001409,C,Naypyitaw,Member,Male,Sports and travel,77.96,1,3.898,81.858,06-03-2023,06:45,Ewallet,9.0
INV001410,A,Yangon,Normal,Male,Electronic accessories,15.69,3,2.3535,49.4235,06-03-2023,22:39,Credit card,7.6
INV001411,C,Naypyitaw,Normal,Male,Home and lifestyle,84.16,6,25.248,530.208,06-03-2023,11:54,Cash,4.9
INV001412,B,Mandalay,Normal,Female,Electronic accessories,21.99,3,3.2985,69.2685,06-03-2023,08:51,Ewallet,8.2
INV001413,C,Naypyitaw,Member,Male,Food and beverages,85.81,5,21.4525,450.5025,06-03-2023,19:10,Ewallet,6.2
INV001414,A,Yangon,Normal,Female,Health and beauty,61.17,6,18.351,385.371,06-03-2023,07:15,Ewallet,6.4
INV001415,B,Mandalay,Normal,Male,Fashion accessories,18.65,7,6.5275,137.0775,06-03-2023,02:14,Credit card,9.6
INV001416,A,Yangon,Normal,Male,Fashion accessories,65.7,8,26.28,551.88,06-03-2023,21:24,Ewallet,7.3
INV001417,B,Mandalay,Member,Male,Home and lifestyle,63.94,2,6.394,134.274,06-03-2023,05:11,Ewallet,4.6
INV001418,C,Naypyitaw,Member,Male,Electronic accessories,13.44,8,5.376,112.896,06-03-2023,18:23,Cash,8.4
INV001419,B,Mandalay,Normal,Female,Electronic accessories,75.82,3,11.373,238.833,06-03-2023,18:26,Credit card,6.4
INV001420,B,Mandalay,Member,Female,Food and beverages,59.47,6,17.841,374.661,06-03-2023,19:31,Cash,8.2
INV001421,A,Yangon,Member,Female,Food and beverages,17.11,2,1.711,35.931,06-03-2023,11:09,Credit card,6.9
INV001422,C,Naypyitaw,Member,Female,Electronic accessories,21.38,9,9.621,202.041,06-03-2023,01:18,Cash,8.7
INV001423,C,Naypyitaw,Normal,Male,Health and beauty,52.17,8,20.868,438.228,06-03-2023,01:56,Credit card,5.4
INV001424,A,Yangon,Normal,Female,Health and beauty,89.22,2,8.922,187.362,06-03-2023,18:58,Ewallet,4.6
INV001425,C,Naypyitaw,Normal,Female,Electronic accessories,62.95,2,6.295,132.195,06-03-2023,00:30,Ewallet,8.5
INV001426,A,Yangon,Normal,Female,Health and beauty,61.36,3,9.204,193.284,06-03-2023,18:43,Credit card,6.2
INV001427,A,Yangon,Normal,Female,Food and beverages,27.09,5,6.7725,142.2225,06-03-2023,20:43,Credit card,6.9
INV001428,A,Yangon,Member,Male,Home and lifestyle,95.97,1,4.7985,100.7685,06-03-2023,00:10,Ewallet,9.6
INV001429,A,Yangon,Normal,Female,Fashion accessories,78.67,9,35.4015,743.4315,06-03-2023,20:35,Ewallet,9.2
INV001430,B,Mandalay,Member,Female,Electronic accessories,59.58,4,11.916,250.236,06-03-2023,03:13,Ewallet,7.1
INV001431,C,Naypyitaw,Member,Female,Fashion accessories,24.76,10,12.38,259.98,07-03-2023,11:34,Credit card,4.8
INV001432,C,Naypyitaw,Member,Male,Sports and travel,75.87,8,30.348,637.308,07-03-2023,12:41,Credit card,8.4
INV001433,C,Naypyitaw,Normal,Female,Fashion accessories,62.7,10,31.35,658.35,07-03-2023,18:38,Ewallet,4.2
INV001434,A,Yangon,Normal,Male,Fashion accessories,68.79,8,27.516,577.836,07-03-2023,21:28,Ewallet,7.6
INV001435,B,Mandalay,Normal,Male,Food and beverages,32.89,6,9.867,207.207,07-03-2023,03:30,Credit card,7.3
INV001436,C,Naypyitaw,Member,Male,Electronic accessories,67.09,3,10.0635,211.3335,07-03-2023,01:01,Cash,6.1
INV001437,C,Naypyitaw,Normal,Female,Health and beauty,32.58,10,16.29,342.09,07-03-2023,21:10,Cash,5.2
INV001438,B,Mandalay,Member,Male,Electronic accessories,14.5,4,2.9,60.9,07-03-2023,06:11,Ewallet,8.2
INV001439,A,Yangon,Normal,Male,Health and beauty,18.32,7,6.412,134.652,07-03-2023,02:26,Cash,5.1
INV001440,A,Yangon,Member,Female,Fashion accessories,18.38,6,5.514,115.794,07-03-2023,08:31,Cash,4.4
INV001441,B,Mandalay,Normal,Female,Food and beverages,73.4,2,7.34,154.14,07-03-2023,13:26,Credit card,4.2
INV001442,C,Naypyitaw,Member,Female,Health and beauty,12.05,1,0.6025,12.6525,07-03-2023,20:33,Ewallet,7.6
INV001443,C,Naypyitaw,Member,Female,Food and beverages,43.13,1,2.1565,45.2865,07-03-2023,05:50,Ewallet,5.6
INV001444,B,Mandalay,Member,Male,Electronic accessories,29.71,5,7.4275,155.9775,07-03-2023,02:28,Ewallet,5.3
INV001445,C,Naypyitaw,Member,Female,Home and lifestyle,95.76,2,9.576,201.096,07-03-2023,08:46,Cash,6.4
INV001446,A,Yangon,Member,Male,Sports and travel,23.88,8,9.552,200.592,07-03-2023,21:28,Cash,6.6
INV001447,C,Naypyitaw,Normal,Male,Sports and travel,78.44,1,3.922,82.362,07-03-2023,16:44,Credit card,8.4
INV001448,C,Naypyitaw,Member,Male,Home and lifestyle,95.26,8,38.104,800.184,07-03-2023,18:12,Credit card,9.9
INV001449,A,Yangon,Normal,Female,Health and beauty,96.27,3,14.4405,303.2505,07-03-2023,03:26,Cash,7.8
INV001450,A,Yangon,Normal,Female,Home and lifestyle,28.64,4,5.728,120.288,07-03-2023,16:02,Cash,7.4
INV001451,B,Mandalay,Normal,Female,Food and beverages,49.1,4,9.82,206.22,07-03-2023,02:28,Ewallet,6.2
INV001452,C,Naypyitaw,Member,Female,Food and beverages,84.36,1,4.218,88.578,07-03-2023,18:19,Cash,9.1
INV001453,B,Mandalay,Member,Male,Electronic accessories,70.42,6,21.126,443.646,08-03-2023,03:10,Ewallet,5.9
INV001454,B,Mandalay,Normal,Female,Electronic accessories,20.82,1,1.041,21.861,08-03-2023,00:29,Credit card,4.1
INV001455,B,Mandalay,Member,Female,Home and lifestyle,86.75,7,30.3625,637.6125,08-03-2023,10:16,Ewallet,7.7
INV001456,C,Naypyitaw,Member,Female,Food and beverages,93.93,2,9.393,197.253,08-03-2023,22:04,Credit card,4.4
INV001457,C,Naypyitaw,Normal,Male,Electronic accessories,39.29,6,11.787,247.527,08-03-2023,14:08,Ewallet,6.9
INV001458,A,Yangon,Normal,Female,Sports and travel,71.72,10,35.86,753.06,08-03-2023,22:01,Cash,7.6
INV001459,B,Mandalay,Normal,Male,Fashion accessories,74.42,9,33.489,703.269,08-03-2023,08:03,Credit card,7.5
INV001460,B,Mandalay,Normal,Male,Fashion accessories,91.78,7,32.123,674.583,08-03-2023,07:25,Ewallet,5.2
INV001461,C,Naypyitaw,Member,Female,Sports and travel,75.82,5,18.955,398.055,08-03-2023,11:29,Ewallet,7.1
INV001462,C,Naypyitaw,Normal,Male,Fashion accessories,97.93,5,24.4825,514.1325,08-03-2023,00:30,Cash,5.5
INV001463,A,Yangon,Normal,Female,Food and beverages,26.07,2,2.607,54.747,08-03-2023,11:13,Ewallet,9.0
INV001464,A,Yangon,Member,Female,Food and beverages,48.04,3,7.206,151.326,08-03-2023,20:12,Cash,8.6
INV001465,B,Mandalay,Member,Female,Electronic accessories,72.53,3,10.8795,228.4695,08-03-2023,10:13,Ewallet,6.6
INV001466,B,Mandalay,Normal,Male,Food and beverages,65.87,3,9.8805,207.4905,08-03-2023,05:06,Cash,7.2
INV001467,B,Mandalay,Member,Male,Fashion accessories,30.56,5,7.64,160.44,08-03-2023,08:31,Cash,5.1
INV001468,B,Mandalay,Member,Male,Home and lifestyle,42.14,6,12.642,265.482,08-03-2023,05:04,Credit card,9.9
INV001469,C,Naypyitaw,Member,Male,Fashion accessories,60.75,9,27.3375,574.0875,08-03-2023,15:27,Credit card,6.4
INV001470,A,Yangon,Normal,Male,Sports and travel,40.09,4,8.018,168.378,08-03-2023,22:14,Ewallet,5.9
INV001471,C,Naypyitaw,Normal,Male,Food and beverages,18.01,7,6.3035,132.3735,08-03-2023,06:07,Ewallet,9.2
INV001472,C,Naypyitaw,Member,Female,Home and lifestyle,78.13,2,7.813,164.073,08-03-2023,18:57,Ewallet,9.8
INV001473,A,Yangon,Normal,Female,Electronic accessories,94.31,2,9.431,198.051,08-03-2023,00:49,Cash,8.2
INV001474,C,Naypyitaw,Member,Female,Food and beverages,75.03,7,26.2605,551.4705,08-03-2023,22:23,Ewallet,9.0
INV001475,A,Yangon,Member,Female,Sports and travel,20.36,4,4.072,85.512,09-03-2023,14:57,Credit card,7.9
INV001476,A,Yangon,Member,Male,Sports and travel,73.05,5,18.2625,383.5125,09-03-2023,09:58,Ewallet,7.1
INV001477,C,Naypyitaw,Normal,Female,Health and beauty,79.39,1,3.9695,83.3595,09-03-2023,05:07,Cash,6.1
INV001478,B,Mandalay,Normal,Female,Food and beverages,70.92,9,31.914,670.194,09-03-2023,03:52,Credit card,7.8
INV001479,A,Yangon,Normal,Female,Fashion accessories,83.55,1,4.1775,87.7275,09-03-2023,01:51,Credit card,8.4
INV001480,A,Yangon,Normal,Female,Electronic accessories,25.86,10,12.93,271.53,09-03-2023,12:57,Ewallet,6.3
INV001481,B,Mandalay,Member,Male,Home and lifestyle,94.22,9,42.399,890.379,09-03-2023,22:12,Cash,8.3
INV001482,A,Yangon,Normal,Male,Home and lifestyle,68.17,7,23.8595,501.0495,09-03-2023,01:18,Credit card,9.8
INV001483,A,Yangon,Member,Female,Electronic accessories,11.55,6,3.465,72.765,09-03-2023,06:26,Ewallet,8.4
INV001484,C,Naypyitaw,Normal,Male,Health and beauty,92.03,2,9.203,193.263,09-03-2023,13:25,Ewallet,6.6
INV001485,A,Yangon,Member,Female,Fashion accessories,88.58,4,17.716,372.036,09-03-2023,01:21,Ewallet,6.6
INV001486,B,Mandalay,Normal,Male,Electronic accessories,35.13,8,14.052,295.092,09-03-2023,22:20,Ewallet,8.9
INV001487,B,Mandalay,Member,Male,Food and beverages,25.11,6,7.533,158.193,09-03-2023,17:26,Ewallet,8.6
INV001488,B,Mandalay,Member,Male,Health and beauty,96.38,8,38.552,809.592,09-03-2023,02:48,Cash,9.0
INV001489,C,Naypyitaw,Member,Female,Health and beauty,55.03,4,11.006,231.126,09-03-2023,00:09,Ewallet,6.5
INV001490,A,Yangon,Member,Male,Food and beverages,37.18,7,13.013,273.273,09-03-2023,05:28,Cash,8.5
INV001491,C,Naypyitaw,Normal,Female,Health and beauty,93.83,4,18.766,394.086,09-03-2023,04:21,Credit card,6.2
INV001492,A,Yangon,Normal,Female,Food and beverages,52.3,4,10.46,219.66,09-03-2023,22:00,Credit card,6.8
INV001493,B,Mandalay,Normal,Male,Electronic accessories,39.57,6,11.871,249.291,09-03-2023,00:36,Ewallet,4.7
INV001494,A,Yangon,Normal,Male,Fashion accessories,59.32,3,8.898,186.858,09-03-2023,23:08,Cash,8.5
INV001495,C,Naypyitaw,Normal,Female,Health and beauty,45.56,8,18.224,382.704,09-03-2023,15:09,Ewallet,6.5
INV001496,A,Yangon,Normal,Male,Health and beauty,31.16,9,14.022,294.462,09-03-2023,09:03,Ewallet,8.0
INV001497,A,Yangon,Member,Male,Electronic accessories,28.9,10,14.45,303.45,10-03-2023,01:55,Ewallet,10.0
INV001498,C,Naypyitaw,Normal,Female,Food and beverages,97.93,6,29.379,616.959,10-03-2023,17:16,Credit card,7.6
INV001499,C,Naypyitaw,Normal,Male,Sports and travel,45.84,4,9.168,192.528,10-03-2023,03:41,Credit card,6.9
INV001500,B,Mandalay,Member,Female,Food and beverages,80.04,10,40.02,840.42,10-03-2023,20:56,Cash,4.3
INV001501,C,Naypyitaw,Member,Female,Food and beverages,37.44,4,7.488,157.248,10-03-2023,10:54,Ewallet,7.3
INV001502,B,Mandalay,Normal,Male,Electronic accessories,40.22,7,14.077,295.617,10-03-2023,04:38,Ewallet,7.6
INV001503,B,Mandalay,Member,Female,Fashion accessories,65.87,7,23.0545,484.1445,10-03-2023,04:44,Credit card,9.1
INV001504,B,Mandalay,Member,Female,Electronic accessories,73.42,2,7.342,154.182,10-03-2023,23:21,Ewallet,5.5
INV001505,C,Naypyitaw,Normal,Male,Sports and travel,18.48,6,5.544,116.424,10-03-2023,17:37,Ewallet,5.3
INV001506,C,Naypyitaw,Normal,Male,Sports and travel,76.18,7,26.663,559.923,10-03-2023,17:29,Cash,4.6
INV001507,A,Yangon,Member,Female,Electronic accessories,64.54,5,16.135,338.835,10-03-2023,22:42,Ewallet,9.2
INV001508,C,Naypyitaw,Normal,Male,Food and beverages,51.28,7,17.948,376.908,10-03-2023,23:36,Cash,9.2
INV001509,B,Mandalay,Member,Male,Food and beverages,46.85,3,7.0275,147.5775,10-03-2023,03:40,Credit card,6.6
INV001510,B,Mandalay,Member,Male,Health and beauty,54.1,5,13.525,284.025,10-03-2023,18:01,Cash,8.3
INV001511,C,Naypyitaw,Member,Female,Home and lifestyle,21.37,2,2.137,44.877,10-03-2023,00:51,Ewallet,7.0
INV001512,C,Naypyitaw,Member,Male,Food and beverages,66.92,4,13.384,281.064,10-03-2023,10:53,Ewallet,8.7
INV001513,B,Mandalay,Member,Male,Fashion accessories,39.92,1,1.996,41.916,10-03-2023,18:59,Credit card,5.6
INV001514,A,Yangon,Normal,Female,Food and beverages,44.27,8,17.708,371.868,10-03-2023,11:52,Credit card,8.8
INV001515,C,Naypyitaw,Normal,Male,Home and lifestyle,24.87,3,3.7305,78.3405,10-03-2023,13:17,Cash,9.4
INV001516,A,Yangon,Member,Male,Home and lifestyle,29.35,7,10.2725,215.7225,10-03-2023,22:23,Ewallet,6.4
INV001517,B,Mandalay,Member,Male,Health and beauty,15.8,10,7.9,165.9,10-03-2023,16:12,Cash,5.7
INV001518,C,Naypyitaw,Member,Female,Electronic accessories,35.06,7,12.271,257.691,10-03-2023,21:11,Credit card,5.9
INV001519,C,Naypyitaw,Normal,Female,Sports and travel,52.87,1,2.6435,55.5135,11-03-2023,14:56,Credit card,8.9
INV001520,C,Naypyitaw,Normal,Female,Electronic accessories,18.92,7,6.622,139.062,11-03-2023,09:45,Cash,4.1
INV001521,B,Mandalay,Member,Female,Food and beverages,16.58,2,1.658,34.818,11-03-2023,10:04,Credit card,7.7
INV001522,B,Mandalay,Normal,Male,Health and beauty,36.59,5,9.1475,192.0975,11-03-2023,13:47,Cash,8.8
INV001523,B,Mandalay,Member,Male,Sports and travel,84.14,3,12.621,265.041,11-03-2023,03:24,Ewallet,5.4
INV001524,B,Mandalay,Member,Female,Fashion accessories,37.55,1,1.8775,39.4275,11-03-2023,21:22,Cash,5.3
INV001525,A,Yangon,Member,Male,Fashion accessories,34.13,9,15.3585,322.5285,11-03-2023,05:57,Ewallet,8.4
INV001526,A,Yangon,Normal,Male,Food and beverages,60.8,8,24.32,510.72,11-03-2023,13:13,Credit card,4.3
INV001527,A,Yangon,Member,Male,Home and lifestyle,96.35,5,24.0875,505.8375,11-03-2023,01:52,Credit card,7.3
INV001528,C,Naypyitaw,Member,Male,Sports and travel,62.9,8,25.16,528.36,11-03-2023,23:50,Ewallet,5.2
INV001529,A,Yangon,Normal,Female,Home and lifestyle,28.35,1,1.4175,29.7675,11-03-2023,23:20,Ewallet,8.2
INV001530,A,Yangon,Member,Female,Electronic accessories,86.95,3,13.0425,273.8925,11-03-2023,09:55,Cash,7.4
INV001531,C,Naypyitaw,Member,Male,Home and lifestyle,21.31,6,6.393,134.253,11-03-2023,02:41,Cash,6.4
INV001532,B,Mandalay,Normal,Male,Sports and travel,34.43,4,6.886,144.606,11-03-2023,23:56,Credit card,9.6
INV001533,C,Naypyitaw,Normal,Male,Health and beauty,37.63,4,7.526,158.046,11-03-2023,21:20,Ewallet,5.0
INV001534,B,Mandalay,Member,Male,Health and beauty,57.47,4,11.494,241.374,11-03-2023,12:36,Ewallet,6.4
INV001535,C,Naypyitaw,Normal,Male,Fashion accessories,94.04,4,18.808,394.968,11-03-2023,23:08,Ewallet,8.9
INV001536,B,Mandalay,Normal,Male,Home and lifestyle,32.87,1,1.6435,34.5135,11-03-2023,06:02,Ewallet,4.7
INV001537,A,Yangon,Member,Female,Electronic accessories,27.38,4,5.476,114.996,11-03-2023,19:59,Ewallet,6.3
INV001538,A,Yangon,Member,Male,Sports and travel,72.69,9,32.7105,686.9205,11-03-2023,20:52,Credit card,9.2
INV001539,C,Naypyitaw,Member,Female,Health and beauty,82.82,1,4.141,86.961,11-03-2023,22:59,Credit card,5.1
INV001540,C,Naypyitaw,Normal,Male,Home and lifestyle,52.43,10,26.215,550.515,11-03-2023,14:52,Cash,5.1
INV001541,C,Naypyitaw,Member,Female,Food and beverages,98.54,3,14.781,310.401,12-03-2023,04:44,Credit card,8.2
INV001542,B,Mandalay,Member,Female,Sports and travel,24.39,8,9.756,204.876,12-03-2023,13:53,Ewallet,6.1
INV001543,B,Mandalay,Normal,Male,Sports and travel,68.45,4,13.69,287.49,12-03-2023,01:51,Credit card,8.9
INV001544,A,Yangon,Member,Male,Fashion accessories,24.66,7,8.631,181.251,12-03-2023,12:06,Cash,8.8
INV001545,B,Mandalay,Normal,Male,Fashion accessories,18.91,7,6.6185,138.9885,12-03-2023,03:16,Credit card,4.6
INV001546,A,Yangon,Member,Female,Health and beauty,88.92,9,40.014,840.294,12-03-2023,11:27,Cash,7.8
INV001547,A,Yangon,Normal,Male,Food and beverages,77.43,2,7.743,162.603,12-03-2023,00:12,Cash,7.4
INV001548,B,Mandalay,Member,Male,Food and beverages,83.69,2,8.369,175.749,12-03-2023,14:53,Cash,7.5
INV001549,B,Mandalay,Normal,Female,Food and beverages,65.96,10,32.98,692.58,12-03-2023,02:27,Cash,6.8
INV001550,C,Naypyitaw,Member,Male,Sports and travel,23.76,1,1.188,24.948,12-03-2023,06:38,Ewallet,4.8
INV001551,A,Yangon,Normal,Female,Food and beverages,51.95,9,23.3775,490.9275,12-03-2023,02:40,Ewallet,5.8
INV001552,C,Naypyitaw,Member,Male,Home and lifestyle,21.03,7,7.3605,154.5705,12-03-2023,13:04,Ewallet,6.8
INV001553,C,Naypyitaw,Normal,Male,Electronic accessories,71.58,10,35.79,751.59,12-03-2023,12:20,Cash,6.5
INV001554,B,Mandalay,Normal,Female,Sports and travel,52.53,5,13.1325,275.7825,12-03-2023,06:15,Ewallet,9.6
INV001555,C,Naypyitaw,Member,Female,Fashion accessories,91.43,5,22.8575,480.0075,12-03-2023,17:51,Cash,5.5
INV001556,B,Mandalay,Normal,Male,Health and beauty,25.74,10,12.87,270.27,12-03-2023,08:30,Ewallet,4.1
INV001557,C,Naypyitaw,Member,Male,Health and beauty,60.34,8,24.136,506.856,12-03-2023,23:51,Ewallet,6.3
INV001558,A,Yangon,Normal,Female,Food and beverages,18.32,10,9.16,192.36,12-03-2023,16:21,Ewallet,5.1
INV001559,A,Yangon,Normal,Female,Health and beauty,39.73,8,15.892,333.732,12-03-2023,07:49,Credit card,4.8
INV001560,A,Yangon,Normal,Female,Home and lifestyle,85.33,5,21.3325,447.9825,12-03-2023,05:07,Credit card,6.2
INV001561,A,Yangon,Member,Male,Health and beauty,27.46,5,6.865,144.165,12-03-2023,07:07,Credit card,4.6
INV001562,A,Yangon,Normal,Male,Electronic accessories,38.55,9,17.3475,364.2975,12-03-2023,02:58,Ewallet,9.2
INV001563,C,Naypyitaw,Normal,Male,Food and beverages,34.48,7,12.068,253.428,13-03-2023,01:11,Ewallet,7.4
INV001564,C,Naypyitaw,Member,Male,Fashion accessories,74.43,9,33.4935,703.3635,13-03-2023,00:06,Ewallet,4.2
INV001565,B,Mandalay,Normal,Female,Food and beverages,46.12,7,16.142,338.982,13-03-2023,05:59,Credit card,9.9
INV001566,C,Naypyitaw,Member,Female,Fashion accessories,89.42,3,13.413,281.673,13-03-2023,15:00,Credit card,4.5
INV001567,A,Yangon,Member,Female,Electronic accessories,56.8,3,8.52,178.92,13-03-2023,09:48,Credit card,6.0
INV001568,B,Mandalay,Normal,Male,Health and beauty,65.56,7,22.946,481.866,13-03-2023,18:50,Credit card,9.5
INV001569,A,Yangon,Normal,Female,Food and beverages,96.71,6,29.013,609.273,13-03-2023,12:50,Cash,4.2
INV001570,C,Naypyitaw,Normal,Female,Health and beauty,40.14,1,2.007,42.147,13-03-2023,15:39,Cash,9.3
INV001571,C,Naypyitaw,Member,Male,Fashion accessories,59.59,2,5.959,125.139,13-03-2023,21:53,Cash,6.7
INV001572,B,Mandalay,Member,Female,Home and lifestyle,45.25,3,6.7875,142.5375,13-03-2023,04:08,Ewallet,4.6
INV001573,C,Naypyitaw,Normal,Female,Electronic accessories,74.67,7,26.1345,548.8245,13-03-2023,15:41,Credit card,6.6
INV001574,A,Yangon,Normal,Female,Fashion accessories,80.58,2,8.058,169.218,13-03-2023,16:34,Cash,9.6
INV001575,C,Naypyitaw,Member,Female,Fashion accessories,66.69,6,20.007,420.147,13-03-2023,14:09,Ewallet,6.5
INV001576,A,Yangon,Member,Male,Sports and travel,74.43,2,7.443,156.303,13-03-2023,23:03,Ewallet,8.6
INV001577,C,Naypyitaw,Normal,Male,Fashion accessories,28.78,2,2.878,60.438,13-03-2023,08:28,Ewallet,4.4
INV001578,C,Naypyitaw,Member,Male,Health and beauty,66.44,3,9.966,209.286,13-03-2023,03:53,Credit card,7.7
INV001579,A,Yangon,Member,Female,Health and beauty,76.1,5,19.025,399.525,13-03-2023,08:49,Ewallet,9.9
INV001580,B,Mandalay,Member,Female,Electronic accessories,77.54,1,3.877,81.417,13-03-2023,16:50,Cash,5.1
INV001581,A,Yangon,Normal,Male,Fashion accessories,82.99,9,37.3455,784.2555,13-03-2023,11:29,Ewallet,6.8
INV001582,B,Mandalay,Normal,Male,Sports and travel,41.06,6,12.318,258.678,13-03-2023,17:24,Cash,9.8
INV001583,A,Yangon,Normal,Female,Home and lifestyle,98.03,5,24.5075,514.6575,13-03-2023,00:55,Credit card,7.8
INV001584,A,Yangon,Member,Male,Home and lifestyle,84.38,10,42.19,885.99,13-03-2023,05:00,Ewallet,9.1
INV001585,C,Naypyitaw,Normal,Female,Electronic accessories,25.59,1,1.2795,26.8695,14-03-2023,19:14,Cash,4.2
INV001586,A,Yangon,Member,Female,Fashion accessories,48.23,5,12.0575,253.2075,14-03-2023,19:18,Ewallet,8.0
INV001587,C,Naypyitaw,Member,Male,Electronic accessories,16.91,2,1.691,35.511,14-03-2023,05:41,Ewallet,6.3
INV001588,C,Naypyitaw,Normal,Female,Fashion accessories,40.6,6,12.18,255.78,14-03-2023,02:12,Cash,5.7
INV001589,A,Yangon,Member,Male,Fashion accessories,64.71,9,29.1195,611.5095,14-03-2023,07:53,Ewallet,6.5
INV001590,C,Naypyitaw,Normal,Male,Sports and travel,85.35,6,25.605,537.705,14-03-2023,10:26,Cash,6.6
INV001591,B,Mandalay,Normal,Male,Health and beauty,83.05,9,37.3725,784.8225,14-03-2023,02:12,Cash,5.4
INV001592,B,Mandalay,Normal,Female,Sports and travel,50.02,5,12.505,262.605,14-03-2023,15:26,Cash,9.5
INV001593,B,Mandalay,Normal,Male,Food and beverages,68.62,5,17.155,360.255,14-03-2023,18:24,Ewallet,9.4
INV001594,C,Naypyitaw,Member,Female,Health and beauty,64.9,10,32.45,681.45,14-03-2023,08:34,Cash,9.2
INV001595,C,Naypyitaw,Member,Female,Electronic accessories,19.04,9,8.568,179.928,14-03-2023,17:41,Ewallet,4.4
INV001596,A,Yangon,Member,Male,Health and beauty,53.21,8,21.284,446.964,14-03-2023,22:19,Ewallet,7.3
INV001597,A,Yangon,Normal,Male,Home and lifestyle,19.91,6,5.973,125.433,14-03-2023,22:48,Cash,9.8
INV001598,B,Mandalay,Normal,Male,Electronic accessories,98.29,10,49.145,1032.045,14-03-2023,08:03,Ewallet,8.0
INV001599,A,Yangon,Normal,Female,Fashion accessories,17.32,7,6.062,127.302,14-03-2023,06:24,Ewallet,8.7
INV001600,C,Naypyitaw,Member,Male,Food and beverages,10.69,1,0.5345,11.2245,14-03-2023,04:37,Ewallet,7.4
INV001601,C,Naypyitaw,Normal,Female,Health and beauty,46.58,10,23.29,489.09,14-03-2023,20:50,Ewallet,8.7
INV001602,C,Naypyitaw,Member,Female,Electronic accessories,67.71,6,20.313,426.573,14-03-2023,23:36,Credit card,8.2
INV001603,A,Yangon,Member,Male,Health and beauty,69.78,7,24.423,512.883,14-03-2023,06:07,Cash,9.9
INV001604,A,Yangon,Member,Male,Sports and travel,78.09,10,39.045,819.945,14-03-2023,20:08,Ewallet,6.3
INV001605,B,Mandalay,Member,Male,Food and beverages,89.14,10,44.57,935.97,14-03-2023,09:38,Credit card,8.2
INV001606,C,Naypyitaw,Member,Female,Food and beverages,94.04,6,28.212,592.452,14-03-2023,14:54,Credit card,9.3
INV001607,A,Yangon,Member,Male,Food and beverages,11.53,6,3.459,72.639,15-03-2023,01:45,Credit card,9.1
INV001608,C,Naypyitaw,Member,Male,Home and lifestyle,45.55,10,22.775,478.275,15-03-2023,17:08,Credit card,9.4
INV001609,B,Mandalay,Normal,Female,Sports and travel,34.26,3,5.139,107.919,15-03-2023,10:39,Credit card,7.9
INV001610,A,Yangon,Member,Male,Electronic accessories,18.14,1,0.907,19.047,15-03-2023,23:34,Cash,9.0
INV001611,C,Naypyitaw,Normal,Male,Food and beverages,68.72,5,17.18,360.78,15-03-2023,16:22,Ewallet,8.0
INV001612,C,Naypyitaw,Normal,Female,Home and lifestyle,80.31,9,36.1395,758.9295,15-03-2023,16:08,Credit card,9.5
INV001613,A,Yangon,Normal,Female,Sports and travel,45.03,6,13.509,283.689,15-03-2023,21:51,Credit card,6.9
INV001614,B,Mandalay,Member,Female,Sports and travel,39.06,9,17.577,369.117,15-03-2023,17:18,Ewallet,8.9
INV001615,C,Naypyitaw,Normal,Male,Food and beverages,85.6,3,12.84,269.64,15-03-2023,22:44,Cash,5.0
INV001616,B,Mandalay,Normal,Female,Home and lifestyle,71.7,5,17.925,376.425,15-03-2023,08:14,Ewallet,7.4
INV001617,C,Naypyitaw,Member,Female,Health and beauty,11.4,1,0.57,11.97,15-03-2023,08:59,Credit card,8.1
INV001618,C,Naypyitaw,Normal,Male,Health and beauty,75.67,9,34.0515,715.0815,15-03-2023,11:50,Cash,7.5
INV001619,B,Mandalay,Member,Female,Electronic accessories,57.9,1,2.895,60.795,15-03-2023,19:02,Cash,5.6
INV001620,B,Mandalay,Member,Male,Electronic accessories,29.34,7,10.269,215.649,15-03-2023,09:40,Ewallet,7.4
INV001621,A,Yangon,Member,Female,Electronic accessories,25.89,2,2.589,54.369,15-03-2023,12:31,Credit card,8.1
INV001622,C,Naypyitaw,Normal,Male,Health and beauty,69.24,6,20.772,436.212,15-03-2023,17:13,Cash,7.6
INV001623,A,Yangon,Normal,Female,Electronic accessories,15.61,5,3.9025,81.9525,15-03-2023,07:10,Ewallet,6.2
INV001624,C,Naypyitaw,Normal,Female,Fashion accessories,33.61,10,16.805,352.905,15-03-2023,06:27,Credit card,5.4
INV001625,A,Yangon,Member,Male,Sports and travel,13.78,8,5.512,115.752,15-03-2023,11:29,Cash,8.7
INV001626,C,Naypyitaw,Normal,Female,Home and lifestyle,23.32,1,1.166,24.486,15-03-2023,02:22,Credit card,9.2
INV001627,B,Mandalay,Normal,Male,Fashion accessories,79.55,7,27.8425,584.6925,15-03-2023,20:21,Cash,6.1
INV001628,A,Yangon,Normal,Male,Health and beauty,28.88,2,2.888,60.648,15-03-2023,19:30,Cash,6.4
INV001629,C,Naypyitaw,Member,Female,Electronic accessories,44.53,2,4.453,93.513,16-03-2023,02:09,Ewallet,8.4
INV001630,A,Yangon,Member,Male,Electronic accessories,30.14,5,7.535,158.235,16-03-2023,10:41,Credit card,5.2
INV001631,A,Yangon,Member,Male,Sports and travel,98.3,4,19.66,412.86,16-03-2023,02:32,Cash,8.6
INV001632,B,Mandalay,Normal,Male,Sports and travel,26.63,2,2.663,55.923,16-03-2023,15:49,Credit card,5.3
INV001633,C,Naypyitaw,Member,Female,Home and lifestyle,45.89,3,6.8835,144.5535,16-03-2023,15:32,Ewallet,7.1
INV001634,B,Mandalay,Member,Male,Electronic accessories,87.64,7,30.674,644.154,16-03-2023,00:03,Credit card,6.1
INV001635,C,Naypyitaw,Normal,Female,Food and beverages,62.66,7,21.931,460.551,16-03-2023,05:49,Ewallet,5.4
INV001636,A,Yangon,Normal,Male,Electronic accessories,60.3,4,12.06,253.26,16-03-2023,01:24,Ewallet,7.2
INV001637,B,Mandalay,Member,Male,Home and lifestyle,47.93,6,14.379,301.959,16-03-2023,05:49,Cash,8.8
INV001638,A,Yangon,Member,Male,Sports and travel,75.29,9,33.8805,711.4905,16-03-2023,06:44,Ewallet,8.0
INV001639,C,Naypyitaw,Normal,Male,Food and beverages,66.73,3,10.0095,210.1995,16-03-2023,13:21,Cash,6.5
INV001640,B,Mandalay,Normal,Female,Sports and travel,90.09,6,27.027,567.567,16-03-2023,16:04,Credit card,4.8
INV001641,C,Naypyitaw,Normal,Female,Home and lifestyle,54.83,9,24.6735,518.1435,16-03-2023,05:30,Ewallet,7.2
INV001642,C,Naypyitaw,Member,Male,Health and beauty,43.94,4,8.788,184.548,16-03-2023,20:05,Ewallet,5.6
INV001643,A,Yangon,Normal,Female,Food and beverages,73.8,8,29.52,619.92,16-03-2023,11:30,Cash,6.3
INV001644,C,Naypyitaw,Member,Male,Fashion accessories,49.02,7,17.157,360.297,16-03-2023,06:15,Cash,5.7
INV001645,C,Naypyitaw,Member,Female,Sports and travel,83.04,8,33.216,697.536,16-03-2023,13:38,Cash,9.4
INV001646,B,Mandalay,Normal,Male,Home and lifestyle,13.11,8,5.244,110.124,16-03-2023,09:57,Ewallet,9.5
INV001647,C,Naypyitaw,Member,Female,Food and beverages,23.86,9,10.737,225.477,16-03-2023,16:53,Credit card,9.6
INV001648,A,Yangon,Member,Female,Health and beauty,52.63,5,13.1575,276.3075,16-03-2023,16:08,Ewallet,5.7
INV001649,A,Yangon,Normal,Female,Sports and travel,18.51,5,4.6275,97.1775,16-03-2023,03:42,Credit card,5.7
INV001650,B,Mandalay,Normal,Female,Electronic accessories,34.28,1,1.714,35.994,16-03-2023,01:16,Cash,5.0
INV001651,A,Yangon,Normal,Female,Electronic accessories,45.12,9,20.304,426.384,17-03-2023,19:44,Credit card,9.1
INV001652,B,Mandalay,Normal,Male,Electronic accessories,32.01,2,3.201,67.221,17-03-2023,06:10,Credit card,9.3
INV001653,C,Naypyitaw,Normal,Female,Sports and travel,19.57,1,0.9785,20.5485,17-03-2023,00:28,Ewallet,4.6
INV001654,A,Yangon,Member,Female,Health and beauty,14.6,2,1.46,30.66,17-03-2023,08:43,Credit card,4.9
INV001655,B,Mandalay,Member,Female,Food and beverages,21.4,7,7.49,157.29,17-03-2023,06:38,Ewallet,7.1
INV001656,B,Mandalay,Normal,Female,Home and lifestyle,70.77,3,10.6155,222.9255,17-03-2023,16:41,Cash,8.9
INV001657,B,Mandalay,Normal,Female,Food and beverages,84.4,10,42.2,886.2,17-03-2023,03:39,Ewallet,6.9
INV001658,A,Yangon,Normal,Female,Fashion accessories,22.54,2,2.254,47.334,17-03-2023,08:34,Credit card,6.7
INV001659,A,Yangon,Member,Female,Electronic accessories,48.86,10,24.43,513.03,17-03-2023,12:37,Ewallet,4.4
INV001660,B,Mandalay,Normal,Female,Sports and travel,59.86,9,26.937,565.677,17-03-2023,01:08,Credit card,9.4
INV001661,B,Mandalay,Normal,Male,Electronic accessories,83.74,10,41.87,879.27,17-03-2023,22:25,Ewallet,6.3
INV001662,C,Naypyitaw,Normal,Male,Home and lifestyle,92.85,3,13.9275,292.4775,17-03-2023,16:01,Credit card,9.7
INV001663,A,Yangon,Member,Male,Fashion accessories,60.14,1,3.007,63.147,17-03-2023,14:37,Ewallet,4.5
INV001664,B,Mandalay,Member,Male,Health and beauty,22.2,4,4.44,93.24,17-03-2023,11:14,Ewallet,7.9
INV001665,B,Mandalay,Member,Female,Food and beverages,28.99,8,11.596,243.516,17-03-2023,12:48,Ewallet,7.7
INV001666,C,Naypyitaw,Normal,Female,Sports and travel,58.57,4,11.714,245.994,17-03-2023,02:08,Ewallet,5.0
INV001667,B,Mandalay,Normal,Male,Food and beverages,83.03,6,24.909,523.089,17-03-2023,14:34,Ewallet,5.2
INV001668,B,Mandalay,Normal,Male,Food and beverages,22.91,6,6.873,144.333,17-03-2023,05:02,Cash,4.0
INV001669,A,Yangon,Member,Male,Home and lifestyle,71.86,3,10.779,226.359,17-03-2023,13:37,Ewallet,5.8
INV001670,A,Yangon,Normal,Male,Health and beauty,27.31,6,8.193,172.053,17-03-2023,06:36,Cash,8.0
INV001671,C,Naypyitaw,Normal,Female,Health and beauty,71.97,5,17.9925,377.8425,17-03-2023,03:05,Credit card,8.9
INV001672,A,Yangon,Member,Female,Home and lifestyle,63.1,8,25.24,530.04,17-03-2023,09:16,Cash,5.8
INV001673,A,Yangon,Member,Female,Food and beverages,97.44,4,19.488,409.248,18-03-2023,00:48,Ewallet,6.5
INV001674,C,Naypyitaw,Member,Female,Sports and travel,86.05,10,43.025,903.525,18-03-2023,12:05,Ewallet,6.3
INV001675,A,Yangon,Member,Male,Home and lifestyle,43.22,4,8.644,181.524,18-03-2023,01:06,Ewallet,8.1
INV001676,B,Mandalay,Member,Female,Electronic accessories,31.34,3,4.701,98.721,18-03-2023,09:44,Credit card,8.7
INV001677,C,Naypyitaw,Normal,Male,Food and beverages,52.59,1,2.6295,55.2195,18-03-2023,04:10,Cash,9.3
INV001678,C,Naypyitaw,Member,Male,Fashion accessories,81.23,1,4.0615,85.2915,18-03-2023,15:17,Credit card,9.8
INV001679,B,Mandalay,Member,Female,Sports and travel,45.6,5,11.4,239.4,18-03-2023,00:30,Cash,8.3
INV001680,B,Mandalay,Member,Female,Sports and travel,95.29,5,23.8225,500.2725,18-03-2023,03:31,Cash,7.3
INV001681,A,Yangon,Normal,Female,Fashion accessories,59.21,9,26.6445,559.5345,18-03-2023,23:29,Ewallet,5.6
INV001682,A,Yangon,Normal,Female,Home and lifestyle,18.89,1,0.9445,19.8345,18-03-2023,05:10,Credit card,6.9
INV001683,C,Naypyitaw,Member,Male,Sports and travel,45.18,4,9.036,189.756,18-03-2023,06:33,Ewallet,5.2
INV001684,B,Mandalay,Member,Male,Sports and travel,35.23,9,15.8535,332.9235,18-03-2023,03:53,Credit card,8.7
INV001685,B,Mandalay,Normal,Female,Health and beauty,98.66,10,49.33,1035.93,18-03-2023,20:24,Credit card,7.0
INV001686,C,Naypyitaw,Normal,Female,Fashion accessories,55.08,6,16.524,347.004,18-03-2023,19:16,Cash,9.6
INV001687,C,Naypyitaw,Member,Male,Sports and travel,21.15,4,4.23,88.83,18-03-2023,17:27,Cash,9.3
INV001688,B,Mandalay,Normal,Male,Sports and travel,73.88,5,18.47,387.87,18-03-2023,07:17,Ewallet,7.2
INV001689,B,Mandalay,Normal,Female,Health and beauty,70.67,9,31.8015,667.8315,18-03-2023,00:50,Cash,5.3
INV001690,B,Mandalay,Member,Female,Fashion accessories,85.6,5,21.4,449.4,18-03-2023,01:47,Ewallet,6.5
INV001691,B,Mandalay,Normal,Female,Sports and travel,57.5,5,14.375,301.875,18-03-2023,21:56,Ewallet,4.4
INV001692,A,Yangon,Member,Male,Fashion accessories,65.57,1,3.2785,68.8485,18-03-2023,21:20,Ewallet,9.2
INV001693,A,Yangon,Normal,Female,Fashion accessories,24.32,5,6.08,127.68,18-03-2023,12:40,Ewallet,5.8
INV001694,B,Mandalay,Member,Male,Fashion accessories,49.49,9,22.2705,467.6805,18-03-2023,21:34,Credit card,9.7
INV001695,A,Yangon,Member,Female,Home and lifestyle,90.87,6,27.261,572.481,19-03-2023,17:17,Ewallet,6.3
INV001696,B,Mandalay,Normal,Female,Sports and travel,42.61,9,19.1745,402.6645,19-03-2023,05:58,Cash,8.7
INV001697,B,Mandalay,Member,Female,Electronic accessories,88.04,3,13.206,277.326,19-03-2023,12:25,Credit card,8.4
INV001698,A,Yangon,Normal,Female,Food and beverages,13.22,9,5.949,124.929,19-03-2023,10:32,Credit card,9.8
INV001699,A,Yangon,Member,Male,Fashion accessories,82.24,2,8.224,172.704,19-03-2023,01:46,Cash,7.8
INV001700,A,Yangon,Member,Female,Electronic accessories,26.55,1,1.3275,27.8775,19-03-2023,09:26,Ewallet,6.2
INV001701,C,Naypyitaw,Member,Male,Health and beauty,77.0,5,19.25,404.25,19-03-2023,02:25,Cash,9.0
INV001702,C,Naypyitaw,Normal,Female,Fashion accessories,84.73,5,21.1825,444.8325,19-03-2023,09:47,Cash,5.1
INV001703,C,Naypyitaw,Normal,Female,Food and beverages,92.56,8,37.024,777.504,19-03-2023,14:50,Ewallet,4.8
INV001704,C,Naypyitaw,Normal,Female,Home and lifestyle,83.06,9,37.377,784.917,19-03-2023,13:35,Ewallet,4.9
INV001705,B,Mandalay,Normal,Male,Electronic accessories,78.81,6,23.643,496.503,19-03-2023,02:50,Cash,7.0
INV001706,A,Yangon,Normal,Male,Electronic accessories,58.44,4,11.688,245.448,19-03-2023,08:28,Cash,8.9
INV001707,C,Naypyitaw,Normal,Female,Sports and travel,27.02,10,13.51,283.71,19-03-2023,05:47,Credit card,5.8
INV001708,B,Mandalay,Member,Female,Food and beverages,77.47,6,23.241,488.061,19-03-2023,15:44,Ewallet,5.5
INV001709,B,Mandalay,Normal,Male,Food and beverages,21.39,2,2.139,44.919,19-03-2023,15:40,Ewallet,6.0
INV001710,C,Naypyitaw,Member,Female,Sports and travel,27.88,1,1.394,29.274,19-03-2023,09:03,Cash,9.0
INV001711,A,Yangon,Normal,Male,Food and beverages,12.85,10,6.425,134.925,19-03-2023,10:42,Ewallet,6.9
INV001712,B,Mandalay,Normal,Female,Sports and travel,68.28,7,23.898,501.858,19-03-2023,13:58,Ewallet,4.4
INV001713,C,Naypyitaw,Member,Male,Sports and travel,25.26,2,2.526,53.046,19-03-2023,19:35,Credit card,5.2
INV001714,C,Naypyitaw,Member,Female,Electronic accessories,46.66,1,2.333,48.993,19-03-2023,09:39,Credit card,4.0
INV001715,B,Mandalay,Member,Male,Food and beverages,35.08,7,12.278,257.838,19-03-2023,08:29,Cash,7.2
INV001716,C,Naypyitaw,Member,Female,Health and beauty,92.29,3,13.8435,290.7135,19-03-2023,13:55,Ewallet,6.6
INV001717,A,Yangon,Member,Male,Electronic accessories,57.19,6,17.157,360.297,20-03-2023,00:51,Cash,8.2
INV001718,A,Yangon,Normal,Male,Electronic accessories,58.44,10,29.22,613.62,20-03-2023,21:50,Ewallet,7.5
INV001719,C,Naypyitaw,Normal,Male,Home and lifestyle,74.6,9,33.57,704.97,20-03-2023,06:21,Ewallet,6.3
INV001720,C,Naypyitaw,Normal,Male,Sports and travel,26.63,6,7.989,167.769,20-03-2023,19:37,Credit card,6.0
INV001721,A,Yangon,Member,Female,Fashion accessories,97.8,9,44.01,924.21,20-03-2023,07:27,Cash,8.9
INV001722,A,Yangon,Member,Male,Electronic accessories,23.63,3,3.5445,74.4345,20-03-2023,04:52,Ewallet,7.5
INV001723,A,Yangon,Member,Male,Electronic accessories,30.62,3,4.593,96.453,20-03-2023,17:55,Ewallet,7.9
INV001724,B,Mandalay,Member,Male,Health and beauty,85.15,10,42.575,894.075,20-03-2023,17:09,Cash,5.3
INV001725,A,Yangon,Normal,Male,Health and beauty,71.96,5,17.99,377.79,20-03-2023,17:13,Credit card,9.4
INV001726,C,Naypyitaw,Member,Female,Home and lifestyle,32.3,2,3.23,67.83,20-03-2023,19:17,Cash,4.9
INV001727,B,Mandalay,Member,Female,Health and beauty,34.2,4,6.84,143.64,20-03-2023,09:47,Credit card,5.4
INV001728,A,Yangon,Member,Male,Electronic accessories,74.59,7,26.1065,548.2365,20-03-2023,15:49,Cash,4.7
INV001729,A,Yangon,Normal,Female,Home and lifestyle,36.12,6,10.836,227.556,20-03-2023,13:41,Ewallet,4.6
INV001730,C,Naypyitaw,Member,Female,Health and beauty,76.46,3,11.469,240.849,20-03-2023,05:06,Cash,8.3
INV001731,C,Naypyitaw,Normal,Male,Home and lifestyle,75.74,2,7.574,159.054,20-03-2023,01:27,Cash,9.1
INV001732,B,Mandalay,Normal,Female,Food and beverages,90.23,6,27.069,568.449,20-03-2023,16:58,Ewallet,6.3
INV001733,C,Naypyitaw,Normal,Male,Fashion accessories,74.05,8,29.62,622.02,20-03-2023,01:18,Ewallet,5.4
INV001734,C,Naypyitaw,Member,Female,Electronic accessories,15.56,9,7.002,147.042,20-03-2023,23:24,Credit card,6.3
INV001735,B,Mandalay,Member,Female,Health and beauty,67.71,6,20.313,426.573,20-03-2023,09:57,Credit card,5.4
INV001736,A,Yangon,Normal,Female,Electronic accessories,51.32,4,10.264,215.544,20-03-2023,03:32,Ewallet,6.8
INV001737,A,Yangon,Normal,Female,Electronic accessories,19.19,2,1.919,40.299,20-03-2023,19:20,Cash,9.3
INV001738,C,Naypyitaw,Normal,Male,Home and lifestyle,60.86,10,30.43,639.03,20-03-2023,20:51,Ewallet,7.4
INV001739,A,Yangon,Normal,Female,Fashion accessories,50.88,7,17.808,373.968,21-03-2023,08:07,Ewallet,5.1
INV001740,B,Mandalay,Normal,Female,Food and beverages,91.99,6,27.597,579.537,21-03-2023,20:20,Ewallet,6.3
INV001741,A,Yangon,Normal,Female,Electronic accessories,83.34,3,12.501,262.521,21-03-2023,05:53,Ewallet,6.6
INV001742,C,Naypyitaw,Normal,Male,Home and lifestyle,87.24,4,17.448,366.408,21-03-2023,22:40,Ewallet,8.3
INV001743,A,Yangon,Normal,Female,Home and lifestyle,36.46,10,18.23,382.83,21-03-2023,08:59,Credit card,4.2
INV001744,B,Mandalay,Normal,Female,Fashion accessories,10.23,7,3.5805,75.1905,21-03-2023,12:12,Cash,8.7
INV001745,C,Naypyitaw,Normal,Female,Health and beauty,90.04,2,9.004,189.084,21-03-2023,20:21,Cash,8.6
INV001746,A,Yangon,Member,Female,Electronic accessories,48.39,1,2.4195,50.8095,21-03-2023,07:22,Credit card,9.3
INV001747,B,Mandalay,Normal,Female,Electronic accessories,42.57,7,14.8995,312.8895,21-03-2023,14:29,Cash,9.6
INV001748,B,Mandalay,Normal,Male,Electronic accessories,43.01,9,19.3545,406.4445,21-03-2023,15:05,Cash,5.7
INV001749,C,Naypyitaw,Normal,Male,Electronic accessories,60.33,2,6.033,126.693,21-03-2023,22:40,Credit card,5.1
INV001750,B,Mandalay,Member,Female,Sports and travel,13.31,1,0.6655,13.9755,21-03-2023,05:08,Credit card,6.8
INV001751,A,Yangon,Normal,Female,Health and beauty,77.17,5,19.2925,405.1425,21-03-2023,18:09,Ewallet,8.3
INV001752,C,Naypyitaw,Normal,Female,Electronic accessories,28.24,9,12.708,266.868,21-03-2023,23:49,Ewallet,9.4
INV001753,A,Yangon,Member,Female,Health and beauty,44.53,8,17.812,374.052,21-03-2023,23:57,Credit card,6.4
INV001754,B,Mandalay,Member,Male,Fashion accessories,10.72,8,4.288,90.048,21-03-2023,12:39,Cash,8.9
INV001755,C,Naypyitaw,Normal,Female,Sports and travel,32.58,2,3.258,68.418,21-03-2023,18:46,Credit card,7.3
INV001756,C,Naypyitaw,Member,Female,Home and lifestyle,12.45,3,1.8675,39.2175,21-03-2023,03:58,Credit card,7.9
INV001757,C,Naypyitaw,Normal,Female,Sports and travel,30.91,9,13.9095,292.0995,21-03-2023,18:46,Cash,7.0
INV001758,A,Yangon,Normal,Female,Fashion accessories,27.1,8,10.84,227.64,21-03-2023,16:18,Cash,4.6
INV001759,B,Mandalay,Normal,Male,Fashion accessories,31.45,3,4.7175,99.0675,21-03-2023,22:32,Credit card,5.0
INV001760,A,Yangon,Member,Male,Sports and travel,43.45,6,13.035,273.735,21-03-2023,15:10,Credit card,5.4
INV001761,C,Naypyitaw,Member,Female,Electronic accessories,59.33,2,5.933,124.593,22-03-2023,15:29,Credit card,8.1
INV001762,A,Yangon,Member,Female,Home and lifestyle,27.3,4,5.46,114.66,22-03-2023,20:40,Cash,6.8
INV001763,B,Mandalay,Member,Female,Sports and travel,46.61,3,6.9915,146.8215,22-03-2023,10:13,Credit card,8.0
INV001764,B,Mandalay,Member,Female,Home and lifestyle,15.31,3,2.2965,48.2265,22-03-2023,05:31,Credit card,6.5
INV001765,A,Yangon,Normal,Male,Fashion accessories,32.41,2,3.241,68.061,22-03-2023,01:46,Credit card,9.0
INV001766,A,Yangon,Member,Female,Electronic accessories,92.27,9,41.5215,871.9515,22-03-2023,15:53,Cash,7.5
INV001767,C,Naypyitaw,Normal,Male,Electronic accessories,40.89,1,2.0445,42.9345,22-03-2023,18:35,Credit card,5.3
INV001768,B,Mandalay,Member,Female,Sports and travel,77.55,8,31.02,651.42,22-03-2023,07:47,Cash,8.4
INV001769,A,Yangon,Member,Male,Health and beauty,30.18,8,12.072,253.512,22-03-2023,10:59,Credit card,6.4
INV001770,B,Mandalay,Normal,Male,Home and lifestyle,68.17,8,27.268,572.628,22-03-2023,13:54,Credit card,6.4
INV001771,C,Naypyitaw,Normal,Female,Electronic accessories,78.88,2,7.888,165.648,22-03-2023,22:24,Cash,9.4
INV001772,A,Yangon,Member,Female,Sports and travel,83.12,7,29.092,610.932,22-03-2023,20:16,Cash,6.5
INV001773,C,Naypyitaw,Member,Male,Electronic accessories,93.59,6,28.077,589.617,22-03-2023,10:40,Ewallet,6.8
INV001774,C,Naypyitaw,Member,Male,Food and beverages,43.66,3,6.549,137.529,22-03-2023,23:25,Ewallet,6.5
INV001775,C,Naypyitaw,Normal,Male,Electronic accessories,21.89,1,1.0945,22.9845,22-03-2023,20:35,Credit card,6.2
INV001776,A,Yangon,Member,Male,Home and lifestyle,85.97,4,17.194,361.074,22-03-2023,03:33,Credit card,8.7
INV001777,B,Mandalay,Normal,Female,Sports and travel,98.85,6,29.655,622.755,22-03-2023,04:24,Ewallet,4.9
INV001778,C,Naypyitaw,Normal,Female,Food and beverages,76.91,10,38.455,807.555,22-03-2023,14:34,Cash,8.1
INV001779,C,Naypyitaw,Member,Female,Home and lifestyle,43.94,2,4.394,92.274,22-03-2023,22:39,Cash,8.0
INV001780,B,Mandalay,Member,Male,Electronic accessories,35.29,9,15.8805,333.4905,22-03-2023,16:23,Credit card,6.2
INV001781,C,Naypyitaw,Member,Male,Home and lifestyle,29.59,6,8.877,186.417,22-03-2023,01:48,Ewallet,5.3
INV001782,C,Naypyitaw,Normal,Female,Health and beauty,89.75,8,35.9,753.9,22-03-2023,17:56,Ewallet,4.2
INV001783,A,Yangon,Member,Female,Fashion accessories,59.71,10,29.855,626.955,23-03-2023,19:39,Credit card,6.7
INV001784,A,Yangon,Normal,Female,Electronic accessories,85.09,2,8.509,178.689,23-03-2023,04:28,Credit card,5.1
INV001785,C,Naypyitaw,Normal,Male,Electronic accessories,86.82,1,4.341,91.161,23-03-2023,19:39,Cash,10.0
INV001786,C,Naypyitaw,Member,Male,Fashion accessories,82.02,5,20.505,430.605,23-03-2023,21:56,Ewallet,9.7
INV001787,B,Mandalay,Normal,Male,Fashion accessories,52.25,2,5.225,109.725,23-03-2023,07:42,Ewallet,9.9
INV001788,B,Mandalay,Member,Female,Sports and travel,37.68,9,16.956,356.076,23-03-2023,22:24,Ewallet,5.9
INV001789,A,Yangon,Normal,Male,Electronic accessories,19.1,1,0.955,20.055,23-03-2023,04:04,Ewallet,5.3
INV001790,B,Mandalay,Normal,Male,Food and beverages,81.88,9,36.846,773.766,23-03-2023,01:27,Credit card,7.4
INV001791,A,Yangon,Member,Female,Food and beverages,47.79,8,19.116,401.436,23-03-2023,20:17,Cash,8.7
INV001792,C,Naypyitaw,Normal,Male,Electronic accessories,42.41,8,16.964,356.244,23-03-2023,13:15,Ewallet,4.5
INV001793,A,Yangon,Member,Male,Home and lifestyle,27.16,2,2.716,57.036,23-03-2023,03:07,Credit card,5.1
INV001794,C,Naypyitaw,Member,Male,Food and beverages,14.97,1,0.7485,15.7185,23-03-2023,05:44,Credit card,6.9
INV001795,A,Yangon,Normal,Male,Sports and travel,26.97,1,1.3485,28.3185,23-03-2023,00:03,Credit card,5.5
INV001796,A,Yangon,Member,Male,Health and beauty,19.55,4,3.91,82.11,23-03-2023,07:14,Ewallet,9.6
INV001797,A,Yangon,Member,Female,Electronic accessories,78.4,7,27.44,576.24,23-03-2023,08:16,Credit card,4.5
INV001798,B,Mandalay,Normal,Female,Sports and travel,93.49,9,42.0705,883.4805,23-03-2023,22:25,Ewallet,7.7
INV001799,A,Yangon,Member,Female,Fashion accessories,97.01,2,9.701,203.721,23-03-2023,23:11,Credit card,6.8
INV001800,B,Mandalay,Member,Female,Food and beverages,34.16,6,10.248,215.208,23-03-2023,07:35,Credit card,6.8
INV001801,C,Naypyitaw,Normal,Male,Fashion accessories,82.75,4,16.55,347.55,23-03-2023,10:49,Ewallet,9.7
INV001802,B,Mandalay,Member,Female,Food and beverages,93.92,5,23.48,493.08,23-03-2023,09:35,Ewallet,7.2
INV001803,A,Yangon,Member,Female,Sports and travel,45.48,1,2.274,47.754,23-03-2023,12:06,Cash,10.0
INV001804,C,Naypyitaw,Normal,Female,Home and lifestyle,84.01,3,12.6015,264.6315,23-03-2023,09:59,Credit card,4.8
INV001805,C,Naypyitaw,Member,Female,Home and lifestyle,74.73,5,18.6825,392.3325,24-03-2023,00:57,Ewallet,4.8
INV001806,B,Mandalay,Normal,Male,Home and lifestyle,97.67,5,24.4175,512.7675,24-03-2023,08:26,Ewallet,5.3
INV001807,A,Yangon,Normal,Female,Home and lifestyle,82.47,5,20.6175,432.9675,24-03-2023,20:44,Ewallet,9.3
INV001808,B,Mandalay,Normal,Male,Electronic accessories,32.88,6,9.864,207.144,24-03-2023,01:43,Ewallet,7.9
INV001809,B,Mandalay,Member,Male,Sports and travel,55.93,10,27.965,587.265,24-03-2023,12:26,Cash,9.7
INV001810,C,Naypyitaw,Member,Female,Food and beverages,73.32,1,3.666,76.986,24-03-2023,07:01,Ewallet,4.1
INV001811,C,Naypyitaw,Member,Female,Home and lifestyle,74.46,4,14.892,312.732,24-03-2023,22:57,Credit card,4.3
INV001812,C,Naypyitaw,Member,Female,Health and beauty,32.68,2,3.268,68.628,24-03-2023,03:35,Credit card,7.1
INV001813,C,Naypyitaw,Normal,Female,Home and lifestyle,86.2,3,12.93,271.53,24-03-2023,01:04,Credit card,4.8
INV001814,C,Naypyitaw,Normal,Male,Health and beauty,76.44,4,15.288,321.048,24-03-2023,06:40,Credit card,9.6
INV001815,C,Naypyitaw,Member,Male,Electronic accessories,31.93,2,3.193,67.053,24-03-2023,08:28,Cash,5.1
INV001816,A,Yangon,Member,Female,Fashion accessories,12.14,7,4.249,89.229,24-03-2023,04:31,Ewallet,8.2
INV001817,A,Yangon,Normal,Female,Home and lifestyle,65.15,4,13.03,273.63,24-03-2023,02:23,Credit card,8.7
INV001818,A,Yangon,Normal,Male,Food and beverages,68.02,2,6.802,142.842,24-03-2023,09:49,Ewallet,9.8
INV001819,C,Naypyitaw,Member,Female,Home and lifestyle,72.56,1,3.628,76.188,24-03-2023,02:06,Credit card,8.2
INV001820,A,Yangon,Member,Male,Health and beauty,41.21,7,14.4235,302.8935,24-03-2023,00:32,Credit card,9.8
INV001821,C,Naypyitaw,Member,Female,Sports and travel,68.16,6,20.448,429.408,24-03-2023,18:34,Cash,4.2
INV001822,B,Mandalay,Member,Male,Sports and travel,77.62,3,11.643,244.503,24-03-2023,15:21,Cash,7.7
INV001823,A,Yangon,Normal,Male,Electronic accessories,45.31,5,11.3275,237.8775,24-03-2023,11:51,Ewallet,9.8
INV001824,C,Naypyitaw,Member,Male,Fashion accessories,68.72,3,10.308,216.468,24-03-2023,10:03,Ewallet,5.6
INV001825,A,Yangon,Member,Female,Food and beverages,59.23,9,26.6535,559.7235,24-03-2023,00:09,Ewallet,9.5
INV001826,C,Naypyitaw,Member,Female,Electronic accessories,16.62,6,4.986,104.706,24-03-2023,01:26,Cash,7.0
INV001827,B,Mandalay,Normal,Male,Electronic accessories,32.64,6,9.792,205.632,25-03-2023,22:00,Ewallet,5.3
INV001828,B,Mandalay,Member,Female,Electronic accessories,23.28,6,6.984,146.664,25-03-2023,18:12,Ewallet,7.6
INV001829,C,Naypyitaw,Member,Female,Fashion accessories,11.39,3,1.7085,35.8785,25-03-2023,19:44,Cash,6.9
INV001830,A,Yangon,Member,Male,Health and beauty,78.38,5,19.595,411.495,25-03-2023,13:46,Ewallet,4.1
INV001831,C,Naypyitaw,Member,Female,Health and beauty,84.16,9,37.872,795.312,25-03-2023,04:13,Ewallet,9.6
INV001832,A,Yangon,Normal,Male,Fashion accessories,70.51,9,31.7295,666.3195,25-03-2023,22:04,Cash,5.2
INV001833,A,Yangon,Normal,Male,Fashion accessories,68.45,8,27.38,574.98,25-03-2023,09:21,Credit card,4.9
INV001834,B,Mandalay,Member,Male,Food and beverages,88.35,8,35.34,742.14,25-03-2023,23:04,Cash,5.5
INV001835,C,Naypyitaw,Member,Male,Electronic accessories,64.05,8,25.62,538.02,25-03-2023,13:37,Credit card,6.0
INV001836,A,Yangon,Member,Female,Sports and travel,49.34,1,2.467,51.807,25-03-2023,17:27,Ewallet,9.8
INV001837,B,Mandalay,Member,Female,Food and beverages,61.18,1,3.059,64.239,25-03-2023,15:00,Credit card,6.3
INV001838,C,Naypyitaw,Normal,Female,Fashion accessories,74.01,8,29.604,621.684,25-03-2023,14:57,Cash,8.4
INV001839,A,Yangon,Member,Male,Sports and travel,36.41,5,9.1025,191.1525,25-03-2023,12:33,Ewallet,8.9
INV001840,A,Yangon,Normal,Female,Food and beverages,26.63,6,7.989,167.769,25-03-2023,02:45,Ewallet,5.9
INV001841,C,Naypyitaw,Member,Male,Fashion accessories,12.81,3,1.9215,40.3515,25-03-2023,07:10,Ewallet,8.0
INV001842,B,Mandalay,Normal,Male,Food and beverages,53.96,6,16.188,339.948,25-03-2023,04:37,Cash,6.6
INV001843,C,Naypyitaw,Normal,Female,Fashion accessories,38.06,6,11.418,239.778,25-03-2023,16:53,Ewallet,9.3
INV001844,B,Mandalay,Normal,Male,Home and lifestyle,55.41,6,16.623,349.083,25-03-2023,11:59,Cash,5.7
INV001845,A,Yangon,Member,Male,Home and lifestyle,87.69,8,35.076,736.596,25-03-2023,18:01,Ewallet,8.5
INV001846,B,Mandalay,Normal,Male,Electronic accessories,86.6,3,12.99,272.79,25-03-2023,10:24,Ewallet,4.6
INV001847,B,Mandalay,Member,Male,Electronic accessories,52.07,9,23.4315,492.0615,25-03-2023,04:52,Ewallet,6.1
INV001848,B,Mandalay,Member,Male,Fashion accessories,82.66,10,41.33,867.93,25-03-2023,08:46,Ewallet,7.1
INV001849,B,Mandalay,Member,Male,Sports and travel,63.6,8,25.44,534.24,26-03-2023,20:53,Cash,6.7
INV001850,B,Mandalay,Normal,Female,Sports and travel,36.36,1,1.818,38.178,26-03-2023,10:07,Cash,4.4
INV001851,C,Naypyitaw,Normal,Male,Home and lifestyle,16.19,1,0.8095,16.9995,26-03-2023,14:27,Credit card,8.3
INV001852,C,Naypyitaw,Member,Male,Sports and travel,78.24,7,27.384,575.064,26-03-2023,08:30,Credit card,7.9
INV001853,C,Naypyitaw,Normal,Male,Food and beverages,12.12,7,4.242,89.082,26-03-2023,14:34,Ewallet,9.3
INV001854,B,Mandalay,Normal,Female,Fashion accessories,60.3,4,12.06,253.26,26-03-2023,00:24,Credit card,7.3
INV001855,C,Naypyitaw,Normal,Male,Home and lifestyle,67.41,7,23.5935,495.4635,26-03-2023,18:26,Cash,4.1
INV001856,A,Yangon,Member,Male,Food and beverages,72.74,5,18.185,381.885,26-03-2023,16:01,Ewallet,8.6
INV001857,C,Naypyitaw,Member,Male,Fashion accessories,25.62,7,8.967,188.307,26-03-2023,21:23,Credit card,9.1
INV001858,C,Naypyitaw,Normal,Male,Sports and travel,13.58,3,2.037,42.777,26-03-2023,18:05,Cash,10.0
INV001859,A,Yangon,Normal,Male,Food and beverages,83.62,3,12.543,263.403,26-03-2023,06:06,Credit card,5.8
INV001860,B,Mandalay,Member,Male,Health and beauty,48.41,7,16.9435,355.8135,26-03-2023,03:59,Cash,9.0
INV001861,B,Mandalay,Member,Male,Home and lifestyle,41.92,1,2.096,44.016,26-03-2023,06:55,Ewallet,6.3
INV001862,B,Mandalay,Normal,Male,Health and beauty,71.6,8,28.64,601.44,26-03-2023,15:53,Cash,9.4
INV001863,C,Naypyitaw,Normal,Male,Electronic accessories,75.67,1,3.7835,79.4535,26-03-2023,19:24,Credit card,5.5
INV001864,B,Mandalay,Member,Male,Electronic accessories,26.25,3,3.9375,82.6875,26-03-2023,14:39,Credit card,4.0
INV001865,C,Naypyitaw,Normal,Male,Home and lifestyle,67.83,6,20.349,427.329,26-03-2023,10:41,Cash,7.9
INV001866,A,Yangon,Member,Female,Health and beauty,70.38,9,31.671,665.091,26-03-2023,09:19,Cash,8.3
INV001867,A,Yangon,Normal,Male,Sports and travel,73.54,10,36.77,772.17,26-03-2023,21:32,Ewallet,4.1
INV001868,C,Naypyitaw,Normal,Male,Fashion accessories,88.94,8,35.576,747.096,26-03-2023,11:03,Ewallet,4.9
INV001869,A,Yangon,Member,Male,Health and beauty,89.06,3,13.359,280.539,26-03-2023,08:37,Credit card,6.7
INV001870,A,Yangon,Member,Male,Fashion accessories,26.95,7,9.4325,198.0825,26-03-2023,05:03,Credit card,8.3
INV001871,B,Mandalay,Normal,Female,Electronic accessories,47.55,4,9.51,199.71,27-03-2023,10:55,Ewallet,6.7
INV001872,A,Yangon,Member,Female,Health and beauty,33.09,2,3.309,69.489,27-03-2023,03:23,Credit card,9.1
INV001873,B,Mandalay,Normal,Female,Sports and travel,94.05,9,42.3225,888.7725,27-03-2023,01:54,Credit card,8.6
INV001874,B,Mandalay,Normal,Female,Food and beverages,72.88,8,29.152,612.192,27-03-2023,11:37,Credit card,9.1
INV001875,B,Mandalay,Member,Male,Fashion accessories,93.27,7,32.6445,685.5345,27-03-2023,04:22,Ewallet,6.0
INV001876,C,Naypyitaw,Normal,Male,Health and beauty,35.62,3,5.343,112.203,27-03-2023,20:37,Credit card,8.9
INV001877,C,Naypyitaw,Member,Female,Health and beauty,19.49,8,7.796,163.716,27-03-2023,09:11,Ewallet,8.6
INV001878,A,Yangon,Member,Male,Fashion accessories,15.61,6,4.683,98.343,27-03-2023,16:43,Cash,4.2
INV001879,A,Yangon,Normal,Female,Fashion accessories,48.96,9,22.032,462.672,27-03-2023,08:19,Cash,6.7
INV001880,A,Yangon,Normal,Male,Electronic accessories,83.67,3,12.5505,263.5605,27-03-2023,19:21,Cash,4.8
INV001881,A,Yangon,Member,Female,Food and beverages,26.31,3,3.9465,82.8765,27-03-2023,08:43,Ewallet,7.0
INV001882,A,Yangon,Member,Male,Home and lifestyle,65.93,9,29.6685,623.0385,27-03-2023,12:33,Ewallet,6.6
INV001883,C,Naypyitaw,Member,Female,Electronic accessories,88.88,4,17.776,373.296,27-03-2023,06:23,Credit card,6.1
INV001884,C,Naypyitaw,Normal,Female,Home and lifestyle,95.13,1,4.7565,99.8865,27-03-2023,15:16,Cash,5.0
INV001885,B,Mandalay,Normal,Female,Electronic accessories,63.58,4,12.716,267.036,27-03-2023,23:09,Ewallet,10.0
INV001886,C,Naypyitaw,Member,Female,Food and beverages,98.38,5,24.595,516.495,27-03-2023,02:12,Ewallet,9.4
INV001887,C,Naypyitaw,Member,Male,Home and lifestyle,98.41,10,49.205,1033.305,27-03-2023,09:31,Credit card,6.3
INV001888,C,Naypyitaw,Normal,Male,Food and beverages,33.33,5,8.3325,174.9825,27-03-2023,15:59,Cash,6.3
INV001889,A,Yangon,Normal,Male,Home and lifestyle,91.15,9,41.0175,861.3675,27-03-2023,18:40,Ewallet,5.4
INV001890,A,Yangon,Member,Female,Electronic accessories,16.4,9,7.38,154.98,27-03-2023,21:24,Cash,9.7
INV001891,C,Naypyitaw,Normal,Female,Electronic accessories,90.3,1,4.515,94.815,27-03-2023,19:14,Ewallet,8.1
INV001892,B,Mandalay,Normal,Female,Home and lifestyle,98.12,9,44.154,927.234,27-03-2023,11:28,Credit card,4.6
INV001893,A,Yangon,Member,Female,Sports and travel,54.05,3,8.1075,170.2575,28-03-2023,10:27,Ewallet,8.4
INV001894,A,Yangon,Member,Male,Food and beverages,47.98,4,9.596,201.516,28-03-2023,15:56,Cash,6.8
INV001895,B,Mandalay,Normal,Male,Health and beauty,15.34,1,0.767,16.107,28-03-2023,22:34,Ewallet,7.7
INV001896,A,Yangon,Normal,Male,Food and beverages,39.29,7,13.7515,288.7815,28-03-2023,10:53,Cash,9.1
INV001897,A,Yangon,Normal,Female,Fashion accessories,77.15,8,30.86,648.06,28-03-2023,13:11,Cash,9.5
INV001898,B,Mandalay,Normal,Female,Electronic accessories,60.8,6,18.24,383.04,28-03-2023,15:43,Ewallet,6.4
INV001899,C,Naypyitaw,Normal,Male,Electronic accessories,83.66,8,33.464,702.744,28-03-2023,03:29,Credit card,9.3
INV001900,B,Mandalay,Member,Female,Sports and travel,88.66,6,26.598,558.558,28-03-2023,07:55,Cash,4.9
INV001901,A,Yangon,Member,Male,Electronic accessories,25.98,6,7.794,163.674,28-03-2023,02:18,Cash,9.9
INV001902,B,Mandalay,Member,Female,Electronic accessories,86.48,6,25.944,544.824,28-03-2023,01:53,Credit card,7.6
INV001903,B,Mandalay,Normal,Male,Home and lifestyle,68.55,4,13.71,287.91,28-03-2023,15:16,Cash,5.1
INV001904,A,Yangon,Member,Male,Health and beauty,34.18,7,11.963,251.223,28-03-2023,11:09,Cash,8.3
INV001905,C,Naypyitaw,Normal,Female,Sports and travel,72.1,4,14.42,302.82,28-03-2023,22:11,Credit card,5.5
INV001906,C,Naypyitaw,Normal,Female,Food and beverages,89.14,3,13.371,280.791,28-03-2023,05:16,Ewallet,4.3
INV001907,B,Mandalay,Member,Male,Health and beauty,37.95,6,11.385,239.085,28-03-2023,14:19,Cash,7.4
INV001908,A,Yangon,Normal,Male,Electronic accessories,37.93,1,1.8965,39.8265,28-03-2023,13:11,Ewallet,5.6
INV001909,C,Naypyitaw,Normal,Female,Food and beverages,88.43,10,44.215,928.515,28-03-2023,09:51,Cash,5.8
INV001910,B,Mandalay,Member,Female,Sports and travel,52.35,5,13.0875,274.8375,28-03-2023,05:33,Cash,8.1
INV001911,A,Yangon,Normal,Female,Health and beauty,80.22,4,16.044,336.924,28-03-2023,07:33,Cash,5.0
INV001912,A,Yangon,Normal,Male,Electronic accessories,54.37,4,10.874,228.354,28-03-2023,07:28,Ewallet,9.3
INV001913,A,Yangon,Normal,Female,Sports and travel,20.4,7,7.14,149.94,28-03-2023,16:25,Ewallet,8.1
INV001914,A,Yangon,Normal,Female,Home and lifestyle,14.33,4,2.866,60.186,28-03-2023,06:50,Credit card,9.7
INV001915,A,Yangon,Member,Female,Home and lifestyle,81.81,5,20.4525,429.5025,29-03-2023,20:12,Ewallet,4.7
INV001916,B,Mandalay,Member,Female,Electronic accessories,62.01,9,27.9045,585.9945,29-03-2023,01:41,Ewallet,8.0
INV001917,C,Naypyitaw,Member,Male,Electronic accessories,81.88,6,24.564,515.844,29-03-2023,09:33,Cash,8.7
INV001918,C,Naypyitaw,Normal,Female,Fashion accessories,49.02,1,2.451,51.471,29-03-2023,00:31,Credit card,8.8
INV001919,C,Naypyitaw,Normal,Female,Electronic accessories,43.12,9,19.404,407.484,29-03-2023,05:27,Credit card,7.5
INV001920,C,Naypyitaw,Normal,Female,Electronic accessories,96.27,5,24.0675,505.4175,29-03-2023,04:44,Cash,4.9
INV001921,A,Yangon,Normal,Female,Fashion accessories,87.33,2,8.733,183.393,29-03-2023,20:00,Ewallet,7.9
INV001922,B,Mandalay,Member,Male,Food and beverages,90.28,3,13.542,284.382,29-03-2023,13:27,Cash,6.5
INV001923,C,Naypyitaw,Normal,Male,Sports and travel,78.7,10,39.35,826.35,29-03-2023,06:16,Cash,5.6
INV001924,B,Mandalay,Member,Male,Sports and travel,45.46,3,6.819,143.199,29-03-2023,15:34,Cash,7.3
INV001925,B,Mandalay,Member,Female,Food and beverages,87.29,10,43.645,916.545,29-03-2023,22:22,Cash,9.0
INV001926,B,Mandalay,Member,Male,Health and beauty,52.69,4,10.538,221.298,29-03-2023,01:16,Credit card,9.7
INV001927,B,Mandalay,Normal,Male,Electronic accessories,78.96,6,23.688,497.448,29-03-2023,19:21,Cash,7.2
INV001928,A,Yangon,Member,Female,Sports and travel,69.97,7,24.4895,514.2795,29-03-2023,04:58,Credit card,6.3
INV001929,B,Mandalay,Member,Male,Fashion accessories,64.9,2,6.49,136.29,29-03-2023,16:23,Cash,5.7
INV001930,B,Mandalay,Normal,Female,Sports and travel,18.72,3,2.808,58.968,29-03-2023,14:14,Ewallet,7.5
INV001931,C,Naypyitaw,Member,Female,Electronic accessories,11.51,4,2.302,48.342,29-03-2023,22:51,Credit card,8.9
INV001932,B,Mandalay,Normal,Female,Sports and travel,52.92,8,21.168,444.528,29-03-2023,22:49,Credit card,5.8
INV001933,B,Mandalay,Member,Male,Sports and travel,72.44,10,36.22,760.62,29-03-2023,03:14,Ewallet,6.0
INV001934,A,Yangon,Member,Female,Food and beverages,81.04,6,24.312,510.552,29-03-2023,00:15,Credit card,7.6
INV001935,C,Naypyitaw,Normal,Male,Electronic accessories,41.59,8,16.636,349.356,29-03-2023,08:53,Cash,7.9
INV001936,A,Yangon,Member,Female,Health and beauty,35.33,6,10.599,222.579,29-03-2023,00:52,Cash,8.4
INV001937,A,Yangon,Normal,Male,Fashion accessories,21.04,7,7.364,154.644,30-03-2023,12:00,Cash,6.3
INV001938,B,Mandalay,Normal,Male,Food and beverages,12.02,10,6.01,126.21,30-03-2023,17:01,Credit card,7.6
INV001939,C,Naypyitaw,Member,Female,Health and beauty,93.79,10,46.895,984.795,30-03-2023,03:39,Credit card,5.7
INV001940,A,Yangon,Member,Female,Food and beverages,16.59,1,0.8295,17.4195,30-03-2023,05:51,Ewallet,4.4
INV001941,C,Naypyitaw,Member,Male,Fashion accessories,45.11,6,13.533,284.193,30-03-2023,10:11,Ewallet,7.9
INV001942,A,Yangon,Member,Male,Sports and travel,34.68,5,8.67,182.07,30-03-2023,06:05,Ewallet,7.3
INV001943,B,Mandalay,Normal,Female,Sports and travel,20.53,5,5.1325,107.7825,30-03-2023,06:40,Cash,8.4
INV001944,C,Naypyitaw,Normal,Male,Food and beverages,15.85,7,5.5475,116.4975,30-03-2023,04:36,Ewallet,5.5
INV001945,A,Yangon,Member,Male,Fashion accessories,61.79,10,30.895,648.795,30-03-2023,02:21,Cash,9.6
INV001946,C,Naypyitaw,Normal,Female,Food and beverages,71.19,4,14.238,298.998,30-03-2023,22:14,Ewallet,4.7
INV001947,C,Naypyitaw,Member,Female,Health and beauty,14.38,5,3.595,75.495,30-03-2023,02:43,Ewallet,6.6
INV001948,B,Mandalay,Member,Female,Food and beverages,21.81,6,6.543,137.403,30-03-2023,17:01,Cash,5.5
INV001949,C,Naypyitaw,Member,Male,Sports and travel,64.05,5,16.0125,336.2625,30-03-2023,16:04,Cash,9.2
INV001950,B,Mandalay,Normal,Female,Health and beauty,89.06,1,4.453,93.513,30-03-2023,20:44,Credit card,6.1
INV001951,B,Mandalay,Normal,Female,Food and beverages,42.13,9,18.9585,398.1285,30-03-2023,03:58,Ewallet,6.7
INV001952,C,Naypyitaw,Normal,Female,Health and beauty,84.91,9,38.2095,802.3995,30-03-2023,23:59,Ewallet,9.3
INV001953,C,Naypyitaw,Normal,Male,Sports and travel,31.13,1,1.5565,32.6865,30-03-2023,11:17,Credit card,7.4
INV001954,A,Yangon,Normal,Female,Sports and travel,86.76,4,17.352,364.392,30-03-2023,05:55,Cash,8.5
INV001955,C,Naypyitaw,Member,Female,Health and beauty,95.25,1,4.7625,100.0125,30-03-2023,18:58,Ewallet,9.9
INV001956,C,Naypyitaw,Normal,Male,Home and lifestyle,83.89,1,4.1945,88.0845,30-03-2023,08:54,Credit card,8.2
INV001957,C,Naypyitaw,Member,Female,Electronic accessories,19.22,4,3.844,80.724,30-03-2023,11:44,Ewallet,7.9
INV001958,C,Naypyitaw,Member,Male,Food and beverages,94.33,3,14.1495,297.1395,30-03-2023,12:10,Credit card,7.7
INV001959,B,Mandalay,Member,Female,Health and beauty,88.13,3,13.2195,277.6095,31-03-2023,12:49,Ewallet,8.2
INV001960,A,Yangon,Member,Male,Food and beverages,15.86,2,1.586,33.306,31-03-2023,23:47,Credit card,6.7
INV001961,C,Naypyitaw,Normal,Male,Fashion accessories,76.11,8,30.444,639.324,31-03-2023,01:07,Ewallet,8.0
INV001962,A,Yangon,Member,Male,Fashion accessories,23.49,8,9.396,197.316,31-03-2023,20:20,Ewallet,4.6
INV001963,B,Mandalay,Member,Female,Health and beauty,22.52,1,1.126,23.646,31-03-2023,07:34,Credit card,5.4
INV001964,C,Naypyitaw,Member,Male,Electronic accessories,56.55,4,11.31,237.51,31-03-2023,17:37,Ewallet,4.5
INV001965,C,Naypyitaw,Normal,Female,Sports and travel,20.6,4,4.12,86.52,31-03-2023,08:29,Ewallet,8.8
INV001966,A,Yangon,Normal,Female,Electronic accessories,30.11,3,4.5165,94.8465,31-03-2023,15:01,Cash,6.4
INV001967,C,Naypyitaw,Member,Female,Sports and travel,59.76,7,20.916,439.236,31-03-2023,21:19,Ewallet,10.0
INV001968,C,Naypyitaw,Member,Male,Food and beverages,30.09,2,3.009,63.189,31-03-2023,05:19,Cash,7.5
INV001969,A,Yangon,Normal,Female,Health and beauty,90.4,2,9.04,189.84,31-03-2023,21:48,Credit card,8.0
INV001970,B,Mandalay,Member,Female,Food and beverages,60.65,6,18.195,382.095,31-03-2023,03:22,Cash,7.7
INV001971,A,Yangon,Member,Female,Electronic accessories,51.68,7,18.088,379.848,31-03-2023,19:44,Ewallet,5.6
INV001972,B,Mandalay,Normal,Female,Home and lifestyle,78.59,6,23.577,495.117,31-03-2023,21:40,Cash,5.9
INV001973,B,Mandalay,Normal,Male,Sports and travel,20.67,9,9.3015,195.3315,31-03-2023,22:07,Cash,10.0
INV001974,B,Mandalay,Normal,Female,Electronic accessories,20.11,6,6.033,126.693,31-03-2023,02:48,Credit card,9.7
INV001975,A,Yangon,Normal,Male,Fashion accessories,32.02,1,1.601,33.621,31-03-2023,17:56,Ewallet,6.6
INV001976,C,Naypyitaw,Member,Female,Food and beverages,36.57,3,5.4855,115.1955,31-03-2023,03:24,Cash,9.2
INV001977,C,Naypyitaw,Member,Male,Sports and travel,52.94,7,18.529,389.109,31-03-2023,13:50,Credit card,9.6
INV001978,A,Yangon,Member,Male,Sports and travel,59.81,9,26.9145,565.2045,31-03-2023,20:43,Credit card,7.1
INV001979,A,Yangon,Normal,Male,Food and beverages,78.43,1,3.9215,82.3515,31-03-2023,07:26,Ewallet,5.2
INV001980,C,Naypyitaw,Member,Male,Food and beverages,79.86,3,11.979,251.559,31-03-2023,19:41,Cash,6.1
INV001981,C,Naypyitaw,Member,Female,Sports and travel,11.52,4,2.304,48.384,01-04-2023,16:12,Cash,10.0
INV001982,A,Yangon,Normal,Female,Food and beverages,93.15,4,18.63,391.23,01-04-2023,04:00,Ewallet,7.2
INV001983,C,Naypyitaw,Normal,Male,Sports and travel,33.52,4,6.704,140.784,01-04-2023,06:20,Cash,6.4
INV001984,B,Mandalay,Member,Female,Sports and travel,27.5,6,8.25,173.25,01-04-2023,08:47,Credit card,9.4
INV001985,A,Yangon,Normal,Male,Sports and travel,51.27,4,10.254,215.334,01-04-2023,00:07,Cash,6.3
INV001986,C,Naypyitaw,Member,Male,Food and beverages,98.47,2,9.847,206.787,01-04-2023,23:22,Credit card,8.3
INV001987,C,Naypyitaw,Member,Male,Electronic accessories,94.79,4,18.958,398.118,01-04-2023,17:19,Ewallet,7.5
INV001988,A,Yangon,Normal,Female,Electronic accessories,69.7,2,6.97,146.37,01-04-2023,15:04,Cash,4.8
INV001989,C,Naypyitaw,Normal,Male,Electronic accessories,93.35,9,42.0075,882.1575,01-04-2023,00:43,Ewallet,4.4
INV001990,B,Mandalay,Normal,Female,Electronic accessories,45.24,6,13.572,285.012,01-04-2023,01:18,Credit card,5.4
INV001991,B,Mandalay,Normal,Female,Sports and travel,41.7,10,20.85,437.85,01-04-2023,02:28,Credit card,9.1
INV001992,B,Mandalay,Member,Female,Fashion accessories,76.05,1,3.8025,79.8525,01-04-2023,13:49,Cash,9.8
INV001993,C,Naypyitaw,Normal,Female,Sports and travel,89.59,10,44.795,940.695,01-04-2023,12:35,Cash,4.4
INV001994,B,Mandalay,Member,Male,Health and beauty,38.34,4,7.668,161.028,01-04-2023,03:36,Credit card,9.3
INV001995,A,Yangon,Normal,Female,Electronic accessories,48.66,2,4.866,102.186,01-04-2023,23:29,Ewallet,7.3
INV001996,A,Yangon,Normal,Female,Health and beauty,35.72,4,7.144,150.024,01-04-2023,10:00,Ewallet,8.5
INV001997,C,Naypyitaw,Normal,Female,Electronic accessories,14.5,3,2.175,45.675,01-04-2023,08:49,Credit card,4.1
INV001998,C,Naypyitaw,Member,Female,Electronic accessories,66.86,5,16.715,351.015,01-04-2023,22:46,Cash,7.2
INV001999,B,Mandalay,Member,Male,Food and beverages,16.82,8,6.728,141.288,01-04-2023,00:37,Ewallet,4.9
INV002000,A,Yangon,Normal,Male,Electronic accessories,30.26,2,3.026,63.546,01-04-2023,15:42,Ewallet,6.9
